Altitude,Mach,CL,LOD ,CD Total,,
0,0.2,0,0,0.023786736,,
0,0.2,0.101569024,4.398834941,0.023089983,,
0,0.2,0.203138048,8.711368041,0.023318731,,
0,0.2,0.304707071,12.4385926,0.024496909,,
0,0.2,0.406276095,15.23984189,0.026658813,,
0,0.2,0.507845119,17.01576382,0.029845567,,
0,0.2,0.609414143,17.86074357,0.034120312,,
0,0.2,0.710983166,17.97700154,0.039549597,,
0,0.2,0.81255219,17.58819513,0.046198725,,
0,0.2,0.914121214,16.88705191,0.054131486,,
0,0.2,1.218828285,14.1327993,0.086241109,,
0,0.2,1.439390485,12.20668006,0.117918261,,
0,0.3,0,0,0.023154824,,
0,0.3,0.101569024,4.522385064,0.022459172,,
0,0.3,0.203138048,8.954958866,0.02268442,,
0,0.3,0.304707071,12.77455735,0.023852652,,
0,0.3,0.406276095,15.62819881,0.025996348,,
0,0.3,0.507845119,17.41988761,0.02915318,,
0,0.3,0.609414143,18.2558168,0.033381916,,
0,0.3,0.710983166,18.35001166,0.038745652,,
0,0.3,0.81255219,17.93461805,0.045306356,,
0,0.3,0.914121214,17.20711096,0.053124619,,
0,0.3,1.218828285,14.38911207,0.084704899,,
0,0.3,1.439390485,12.43048307,0.115795217,,
0,0.4,0,0,0.022231334,,
0,0.4,0.101569024,4.715943464,0.021537371,,
0,0.4,0.203138048,9.336285394,0.021757909,,
0,0.4,0.304707071,13.29872941,0.022912495,,
0,0.4,0.406276095,16.23084289,0.025031115,,
0,0.4,0.507845119,18.0425674,0.028147054,,
0,0.4,0.609414143,18.85981196,0.032312843,,
0,0.4,0.710983166,18.91576186,0.037586811,,
0,0.4,0.81255219,18.45605767,0.044026314,,
0,0.4,0.914121214,17.6855326,0.051687514,,
0,0.4,1.218828285,14.76642989,0.082540485,,
0,0.4,1.439390485,12.75796028,0.112822932,,
0,0.5,0,0,0.021494614,,
0,0.5,0.101569024,4.882397081,0.020803106,,
0,0.5,0.203138048,9.664977745,0.021017953,,
0,0.5,0.304707071,13.7530995,0.02215552,,
0,0.5,0.406276095,16.75872594,0.02424266,,
0,0.5,0.507845119,18.59709229,0.02730777,,
0,0.5,0.609414143,19.41102083,0.031395265,,
0,0.5,0.710983166,19.44840038,0.036557411,,
0,0.5,0.81255219,18.96459695,0.04284574,,
0,0.5,0.914121214,18.16948025,0.050310807,,
0,0.5,1.218828285,15.18723546,0.080253466,,
0,0.5,1.439390485,13.14247497,0.109522026,,
0,0.6,0,0,0.021065588,,
0,0.6,0.101569024,4.984298059,0.020377799,,
0,0.6,0.203138048,9.86746738,0.020586645,,
0,0.6,0.304707071,14.0387398,0.021704731,,
0,0.6,0.406276095,17.10261444,0.023755204,,
0,0.6,0.507845119,18.97669471,0.026761516,,
0,0.6,0.609414143,19.81297438,0.030758337,,
0,0.6,0.710983166,19.8651481,0.035790479,,
0,0.6,0.81255219,19.39147771,0.041902541,,
0,0.6,0.914121214,18.60300465,0.049138364,,
0,0.6,1.218828285,15.62348126,0.078012593,,
0,0.6,1.439390485,13.54547559,0.106263562,,
0,0.7,0,0,0.02087165,,
0,0.7,0.101569024,5.030636011,0.020190096,,
0,0.7,0.203138048,9.960482189,0.020394399,,
0,0.7,0.304707071,14.17709507,0.021492913,,
0,0.7,0.406276095,17.28496985,0.023504588,,
0,0.7,0.507845119,19.18696577,0.026468235,,
0,0.7,0.609414143,19.984356,0.03049456,,
0,0.7,0.710983166,19.96566403,0.035610294,,
0,0.7,0.81255219,19.41484222,0.041852114,,
0,0.7,0.914121214,18.55851184,0.04925617,,
0,0.7,1.218828285,15.47777007,0.078747021,,
0,0.7,1.439390485,13.42749488,0.107197247,,
0,0.75,0,0,0.021739868,,
0,0.75,0.101569024,4.82229911,0.021062365,,
0,0.75,0.203138048,9.552753323,0.021264869,,
0,0.75,0.304707071,13.63130598,0.022353476,,
0,0.75,0.406276095,16.68835822,0.024344881,,
0,0.75,0.507845119,18.53253463,0.027402896,,
0,0.75,0.609414143,19.18050542,0.03177258,,
0,0.75,0.710983166,19.11380768,0.037197359,,
0,0.75,0.81255219,18.57818645,0.043736895,,
0,0.75,0.914121214,17.77776612,0.051419352,,
0,0.75,1.218828285,14.9967395,0.081272885,,
0,0.75,1.439390485,13.1478549,0.109477211,,
0,0.775,0,0,0.022623466,,
0,0.775,0.101569024,4.598888532,0.022085559,,
0,0.775,0.203138048,9.11440251,0.022287588,,
0,0.775,0.304707071,13.0375616,0.023371477,,
0,0.775,0.406276095,16.02494908,0.025352723,,
0,0.775,0.507845119,17.84956958,0.028451393,,
0,0.775,0.609414143,18.44966031,0.033031185,,
0,0.775,0.710983166,18.37100532,0.038701375,,
0,0.775,0.81255219,17.8805018,0.045443478,,
0,0.775,0.914121214,17.17880107,0.053212166,,
0,0.775,1.218828285,14.65784879,0.083151921,,
0,0.775,1.439390485,12.94994377,0.111150327,,
0,0.8,0,0,0.0241394,,
0,0.8,0.101569024,4.300851816,0.023616025,,
0,0.8,0.203138048,8.521585084,0.023838059,,
0,0.8,0.304707071,12.21469002,0.024945952,,
0,0.8,0.406276095,15.07341012,0.026953164,,
0,0.8,0.507845119,16.81519884,0.030201553,,
0,0.8,0.609414143,17.36397852,0.035096458,,
0,0.8,0.710983166,17.34717977,0.040985519,,
0,0.8,0.81255219,16.96158495,0.04790544,,
0,0.8,0.914121214,16.36572198,0.055855844,,
0,0.8,1.218828285,14.18567233,0.08591967,,
0,0.8,1.439390485,12.64683102,0.113814321,,
0,0.825,0,0,0.026539877,,
0,0.825,0.101569024,3.900746422,0.026038356,,
0,0.825,0.203138048,7.721372321,0.026308542,,
0,0.825,0.304707071,11.0849757,0.027488294,,
0,0.825,0.406276095,13.73043011,0.029589466,,
0,0.825,0.507845119,15.37283018,0.033035239,,
0,0.825,0.609414143,15.90627758,0.038312807,,
0,0.825,0.710983166,15.95737807,0.044555137,,
0,0.825,0.81255219,15.70109869,0.051751295,,
0,0.825,0.914121214,15.24331388,0.059968667,,
0,0.825,1.218828285,13.41421035,0.090860979,,
0,0.825,1.439390485,12.07759294,0.119178589,,
10000,0.2,0,0,0.024625674,,
10000,0.2,0.101569024,4.244613798,0.02392892,,
10000,0.2,0.203138048,8.408843088,0.024157669,,
10000,0.2,0.304707071,12.02671736,0.025335847,,
10000,0.2,0.406276095,14.77488504,0.02749775,,
10000,0.2,0.507845119,16.55053973,0.030684505,,
10000,0.2,0.609414143,17.43212864,0.03495925,,
10000,0.2,0.710983166,17.60358889,0.040388535,,
10000,0.2,0.81255219,17.27450171,0.047037663,,
10000,0.2,0.914121214,16.62932836,0.054970423,,
10000,0.2,1.218828285,13.99664264,0.087080046,,
10000,0.2,1.439390485,12.12044825,0.118757199,,
10000,0.3,0,0,0.023349797,,
10000,0.3,0.101569024,4.483463137,0.022654145,,
10000,0.3,0.203138048,8.878646737,0.022879393,,
10000,0.3,0.304707071,12.67098345,0.024047626,,
10000,0.3,0.406276095,15.51185963,0.026191321,,
10000,0.3,0.507845119,17.30415945,0.029348153,,
10000,0.3,0.609414143,18.14980962,0.033576889,,
10000,0.3,0.710983166,18.25813443,0.038940625,,
10000,0.3,0.81255219,17.85776829,0.045501329,,
10000,0.3,0.914121214,17.14418996,0.053319592,,
10000,0.3,1.218828285,14.3560674,0.084899872,,
10000,0.3,1.439390485,12.40958802,0.115990191,,
10000,0.4,0,0,0.023013326,,
10000,0.4,0.101569024,4.550713591,0.022319362,,
10000,0.4,0.203138048,9.012375743,0.0225399,,
10000,0.4,0.304707071,12.85982984,0.023694487,,
10000,0.4,0.406276095,15.73913962,0.025813107,,
10000,0.4,0.507845119,17.55485193,0.028929046,,
10000,0.4,0.609414143,18.4141768,0.033094835,,
10000,0.4,0.710983166,18.53024099,0.038368803,,
10000,0.4,0.81255219,18.1339636,0.044808306,,
10000,0.4,0.914121214,17.42195231,0.052469505,,
10000,0.4,1.218828285,14.62784525,0.083322476,,
10000,0.4,1.439390485,12.6701417,0.113604924,,
10000,0.5,0,0,0.022236605,,
10000,0.5,0.101569024,4.714252342,0.021545097,,
10000,0.5,0.203138048,9.335411831,0.021759945,,
10000,0.5,0.304707071,13.30743144,0.022897512,,
10000,0.5,0.406276095,16.26102677,0.024984652,,
10000,0.5,0.507845119,18.10514895,0.028049762,,
10000,0.5,0.609414143,18.96285495,0.032137257,,
10000,0.5,0.710983166,19.06151648,0.037299402,,
10000,0.5,0.81255219,18.64176347,0.043587732,,
10000,0.5,0.914121214,17.90540836,0.051052799,,
10000,0.5,1.218828285,15.04810659,0.080995458,,
10000,0.5,1.439390485,13.05403634,0.110264017,,
10000,0.6,0,0,0.021571662,,
10000,0.6,0.101569024,4.863514732,0.020883873,,
10000,0.6,0.203138048,9.630718466,0.02109272,,
10000,0.6,0.304707071,13.71886599,0.022210806,,
10000,0.6,0.406276095,16.74586468,0.024261279,,
10000,0.6,0.507845119,18.62449525,0.027267591,,
10000,0.6,0.609414143,19.49226306,0.031264412,,
10000,0.6,0.710983166,19.58817264,0.036296554,,
10000,0.6,0.81255219,19.16007327,0.042408616,,
10000,0.6,0.914121214,18.41336577,0.049644439,,
10000,0.6,1.218828285,15.52278351,0.078518668,,
10000,0.6,1.439390485,13.48127169,0.106769637,,
10000,0.7,0,0,0.020999596,,
10000,0.7,0.101569024,4.998957281,0.020318042,,
10000,0.7,0.203138048,9.898383835,0.020522345,,
10000,0.7,0.304707071,14.09319977,0.021620858,,
10000,0.7,0.406276095,17.19139015,0.023632533,,
10000,0.7,0.507845119,19.09466393,0.02659618,,
10000,0.7,0.609414143,19.90085863,0.030622505,,
10000,0.7,0.710983166,19.89418522,0.03573824,,
10000,0.7,0.81255219,19.35567005,0.04198006,,
10000,0.7,0.914121214,18.51042983,0.049384116,,
10000,0.7,1.218828285,15.45266301,0.078874967,,
10000,0.7,1.439390485,13.41148751,0.107325193,,
10000,0.75,0,0,0.021796922,,
10000,0.75,0.101569024,4.809271694,0.021119419,,
10000,0.75,0.203138048,9.527191708,0.021321923,,
10000,0.75,0.304707071,13.59660323,0.022410529,,
10000,0.75,0.406276095,16.64933997,0.024401934,,
10000,0.75,0.507845119,18.49402927,0.02745995,,
10000,0.75,0.609414143,19.14612474,0.031829634,,
10000,0.75,0.710983166,19.08453546,0.037254413,,
10000,0.75,0.81255219,18.55398311,0.043793949,,
10000,0.75,0.914121214,17.75806209,0.051476406,,
10000,0.75,1.218828285,14.9862191,0.081329939,,
10000,0.75,1.439390485,13.14100647,0.109534265,,
10000,0.775,0,0,0.022647431,,
10000,0.775,0.101569024,4.593903695,0.022109524,,
10000,0.775,0.203138048,9.104612664,0.022311553,,
10000,0.775,0.304707071,13.02420719,0.023395441,,
10000,0.775,0.406276095,16.00981621,0.025376687,,
10000,0.775,0.507845119,17.8345473,0.028475358,,
10000,0.775,0.609414143,18.4362843,0.03305515,,
10000,0.775,0.710983166,18.35963651,0.03872534,,
10000,0.775,0.81255219,17.87107733,0.045467443,,
10000,0.775,0.914121214,17.17106811,0.05323613,,
10000,0.775,1.218828285,14.65362569,0.083175885,,
10000,0.775,1.439390485,12.94715237,0.111174291,,
10000,0.8,0,0,0.024142113,,
10000,0.8,0.101569024,4.300357792,0.023618738,,
10000,0.8,0.203138048,8.520615356,0.023840772,,
10000,0.8,0.304707071,12.21336176,0.024948665,,
10000,0.8,0.406276095,15.07189304,0.026955877,,
10000,0.8,0.507845119,16.81368847,0.030204266,,
10000,0.8,0.609414143,17.36263637,0.035099171,,
10000,0.8,0.710983166,17.34603156,0.040988232,,
10000,0.8,0.81255219,16.96062443,0.047908153,,
10000,0.8,0.914121214,16.36492711,0.055858557,,
10000,0.8,1.218828285,14.18522441,0.085922383,,
10000,0.8,1.439390485,12.64652956,0.113817034,,
10000,0.825,0,0,0.026542526,,
10000,0.825,0.101569024,3.900349622,0.026041005,,
10000,0.825,0.203138048,7.720594936,0.026311191,,
10000,0.825,0.304707071,11.08390756,0.027490943,,
10000,0.825,0.406276095,13.72920054,0.029592116,,
10000,0.825,0.507845119,15.37159711,0.033037889,,
10000,0.825,0.609414143,15.90517787,0.038315456,,
10000,0.825,0.710983166,15.95642939,0.044557786,,
10000,0.825,0.81255219,15.70029473,0.051753945,,
10000,0.825,0.914121214,15.24264031,0.059971317,,
10000,0.825,1.218828285,13.41381928,0.090863628,,
10000,0.825,1.439390485,12.07732439,0.119181239,,
20000,0.2,0,0,0.025597481,,
20000,0.2,0.101569024,4.078958013,0.024900728,,
20000,0.2,0.203138048,8.08365634,0.025129476,,
20000,0.2,0.304707071,11.58244939,0.026307654,,
20000,0.2,0.406276095,14.27054452,0.028469558,,
20000,0.2,0.507845119,16.04246,0.031656312,,
20000,0.2,0.609414143,16.96065123,0.035931058,,
20000,0.2,0.710983166,17.18997309,0.041360342,,
20000,0.2,0.81255219,16.9248315,0.04800947,,
20000,0.2,0.914121214,16.34044974,0.055942231,,
20000,0.2,1.218828285,13.84216492,0.088051854,,
20000,0.2,1.439390485,12.02206995,0.119729006,,
20000,0.3,0,0,0.024218673,,
20000,0.3,0.101569024,4.317856282,0.023523021,,
20000,0.3,0.203138048,8.553804406,0.023748269,,
20000,0.3,0.304707071,12.22912764,0.024916501,,
20000,0.3,0.406276095,15.01378926,0.027060197,,
20000,0.3,0.507845119,16.80658674,0.030217029,,
20000,0.3,0.609414143,17.69199038,0.034445765,,
20000,0.3,0.710983166,17.85963522,0.039809501,,
20000,0.3,0.81255219,17.52315285,0.046370205,,
20000,0.3,0.914121214,16.86929429,0.054188468,,
20000,0.3,1.218828285,14.21063398,0.085768748,,
20000,0.3,1.439390485,12.31731978,0.116859066,,
20000,0.4,0,0,0.023264223,,
20000,0.4,0.101569024,4.500126649,0.022570259,,
20000,0.4,0.203138048,8.913160829,0.022790798,,
20000,0.4,0.304707071,12.72508601,0.023945384,,
20000,0.4,0.406276095,15.5876317,0.026064004,,
20000,0.4,0.507845119,17.40391059,0.029179943,,
20000,0.4,0.609414143,18.27562649,0.033345732,,
20000,0.4,0.710983166,18.4098573,0.0386197,,
20000,0.4,0.81255219,18.03299073,0.045059203,,
20000,0.4,0.914121214,17.33904071,0.052720403,,
20000,0.4,1.218828285,14.58393076,0.083573373,,
20000,0.4,1.439390485,12.6422213,0.113855821,,
20000,0.5,0,0,0.022514276,,
20000,0.5,0.101569024,4.654268393,0.021822769,,
20000,0.5,0.203138048,9.217786897,0.022037616,,
20000,0.5,0.304707071,13.14798986,0.023175183,,
20000,0.5,0.406276095,16.08229358,0.025262323,,
20000,0.5,0.507845119,17.92767876,0.028327433,,
20000,0.5,0.609414143,18.80041637,0.032414928,,
20000,0.5,0.710983166,18.92066383,0.037577073,,
20000,0.5,0.81255219,18.52375983,0.043865403,,
20000,0.5,0.914121214,17.80854946,0.05133047,,
20000,0.5,1.218828285,14.99669448,0.081273129,,
20000,0.5,1.439390485,13.02124575,0.110541688,,
20000,0.6,0,0,0.022377399,,
20000,0.6,0.101569024,4.682842338,0.02168961,,
20000,0.6,0.203138048,9.276363959,0.021898456,,
20000,0.6,0.304707071,13.23861208,0.023016542,,
20000,0.6,0.406276095,16.20759771,0.025067015,,
20000,0.6,0.507845119,18.08995068,0.028073328,,
20000,0.6,0.609414143,19.00253603,0.032070148,,
20000,0.6,0.710983166,19.1627834,0.037102291,,
20000,0.6,0.81255219,18.80283175,0.043214352,,
20000,0.6,0.914121214,18.11928692,0.050450176,,
20000,0.6,1.218828285,15.36511096,0.079324405,,
20000,0.6,1.439390485,13.38029741,0.107575373,,
20000,0.7,0,0,0.021759508,,
20000,0.7,0.101569024,4.818732596,0.021077954,,
20000,0.7,0.203138048,9.544948546,0.021282257,,
20000,0.7,0.304707071,13.6146822,0.02238077,,
20000,0.7,0.406276095,16.65581679,0.024392445,,
20000,0.7,0.507845119,18.56424225,0.027356092,,
20000,0.7,0.609414143,19.41896773,0.031382417,,
20000,0.7,0.710983166,19.47997712,0.036498152,,
20000,0.7,0.81255219,19.01152837,0.042739972,,
20000,0.7,0.914121214,18.22991192,0.050144028,,
20000,0.7,1.218828285,15.30520672,0.079634879,,
20000,0.7,1.439390485,13.3171956,0.108085105,,
20000,0.75,0,0,0.022444196,,
20000,0.75,0.101569024,4.666258857,0.021766693,,
20000,0.75,0.203138048,9.246493989,0.021969197,,
20000,0.75,0.304707071,13.21492212,0.023057803,,
20000,0.75,0.406276095,16.21911938,0.025049208,,
20000,0.75,0.507845119,18.06813505,0.028107224,,
20000,0.75,0.609414143,18.76453704,0.032476908,,
20000,0.75,0.710983166,18.75861531,0.037901687,,
20000,0.75,0.81255219,18.28374953,0.044441223,,
20000,0.75,0.914121214,17.53754175,0.05212368,,
20000,0.75,1.218828285,14.86789122,0.081977213,,
20000,0.75,1.439390485,13.06380813,0.110181539,,
20000,0.775,0,0,0.023241942,,
20000,0.775,0.101569024,4.473611144,0.022704035,,
20000,0.775,0.203138048,8.868308372,0.022906065,,
20000,0.775,0.304707071,12.7014451,0.023989953,,
20000,0.775,0.406276095,15.64333225,0.025971199,,
20000,0.775,0.507845119,17.46981046,0.02906987,,
20000,0.775,0.609414143,18.11055817,0.033649661,,
20000,0.775,0.710983166,18.08204075,0.039319852,,
20000,0.775,0.81255219,17.64041908,0.046061955,,
20000,0.775,0.914121214,16.98142879,0.053830642,,
20000,0.775,1.218828285,14.54963004,0.083770397,,
20000,0.775,1.439390485,12.87828487,0.111768803,,
20000,0.8,0,0,0.024673876,,
20000,0.8,0.101569024,4.205669439,0.024150501,,
20000,0.8,0.203138048,8.33471151,0.024372535,,
20000,0.8,0.304707071,11.95847538,0.025480428,,
20000,0.8,0.406276095,14.78031926,0.02748764,,
20000,0.8,0.507845119,16.52279541,0.030736029,,
20000,0.8,0.609414143,17.103513,0.035630934,,
20000,0.8,0.710983166,17.12387408,0.041519995,,
20000,0.8,0.81255219,16.77443433,0.048439916,,
20000,0.8,0.914121214,16.2106049,0.056390321,,
20000,0.8,1.218828285,14.09797363,0.086454147,,
20000,0.8,1.439390485,12.58771865,0.114348797,,
20000,0.825,0,0,0.026994507,,
20000,0.825,0.101569024,3.833808088,0.026492986,,
20000,0.825,0.203138048,7.590208216,0.026763172,,
20000,0.825,0.304707071,10.90462369,0.027942924,,
20000,0.825,0.406276095,13.52265954,0.030044097,,
20000,0.825,0.507845119,15.16414125,0.03348987,,
20000,0.825,0.609414143,15.71974291,0.038767437,,
20000,0.825,0.710983166,15.79619743,0.045009767,,
20000,0.825,0.81255219,15.56436696,0.052205926,,
20000,0.825,0.914121214,15.12862165,0.060423298,,
20000,0.825,1.218828285,13.34742547,0.091315609,,
20000,0.825,1.439390485,12.03169559,0.11963322,,
25000,0.2,0,0,0.026475234,,
25000,0.2,0.101569024,3.956594915,0.025670817,,
25000,0.2,0.203138048,7.869644216,0.025812863,,
25000,0.2,0.304707071,11.31675593,0.026925302,,
25000,0.2,0.406276095,13.98905357,0.029042429,,
25000,0.2,0.507845119,15.76895775,0.03220537,,
25000,0.2,0.609414143,16.70668455,0.036477264,,
25000,0.2,0.710983166,16.9585911,0.04192466,,
25000,0.2,0.81255219,16.7147573,0.048612862,,
25000,0.2,0.914121214,16.14893688,0.056605659,,
25000,0.2,1.218828285,13.69144342,0.089021168,,
25000,0.2,1.439390485,11.89210907,0.121037444,,
25000,0.3,0,0,0.024707519,,
25000,0.3,0.101569024,4.229951308,0.024011866,,
25000,0.3,0.203138048,8.381280033,0.024237115,,
25000,0.3,0.304707071,11.99381654,0.025405347,,
25000,0.3,0.406276095,14.74737598,0.027549043,,
25000,0.3,0.507845119,16.53902125,0.030705875,,
25000,0.3,0.609414143,17.44442333,0.034934611,,
25000,0.3,0.710983166,17.64298629,0.040298346,,
25000,0.3,0.81255219,17.34034706,0.04685905,,
25000,0.3,0.914121214,16.7184733,0.054677314,,
25000,0.3,1.218828285,14.13009849,0.086257593,,
25000,0.3,1.439390485,12.26600849,0.117347912,,
25000,0.4,0,0,0.023713688,,
25000,0.4,0.101569024,4.41226072,0.023019724,,
25000,0.4,0.203138048,8.740780946,0.023240263,,
25000,0.4,0.304707071,12.49063157,0.024394849,,
25000,0.4,0.406276095,15.32338507,0.026513469,,
25000,0.4,0.507845119,17.13990097,0.029629408,,
25000,0.4,0.609414143,18.03256667,0.033795197,,
25000,0.4,0.710983166,18.19806402,0.039069165,,
25000,0.4,0.81255219,17.85488844,0.045508668,,
25000,0.4,0.914121214,17.19246724,0.053169868,,
25000,0.4,1.218828285,14.50591665,0.084022838,,
25000,0.4,1.439390485,12.59251024,0.114305286,,
25000,0.5,0,0,0.022932563,,
25000,0.5,0.101569024,4.566735886,0.022241055,,
25000,0.5,0.203138048,9.046087216,0.022455902,,
25000,0.5,0.304707071,12.9148906,0.023593469,,
25000,0.5,0.406276095,15.82034442,0.02568061,,
25000,0.5,0.507845119,17.66680872,0.028745719,,
25000,0.5,0.609414143,18.56090374,0.032833215,,
25000,0.5,0.710983166,18.71236819,0.03799536,,
25000,0.5,0.81255219,18.34879139,0.04428369,,
25000,0.5,0.914121214,17.66460234,0.051748757,,
25000,0.5,1.218828285,14.91990664,0.081691415,,
25000,0.5,1.439390485,12.97215942,0.110959975,,
25000,0.6,0,0,0.022270534,,
25000,0.6,0.101569024,4.706029006,0.021582745,,
25000,0.6,0.203138048,9.321854838,0.021791591,,
25000,0.6,0.304707071,13.30036521,0.022909677,,
25000,0.6,0.406276095,16.27698932,0.02496015,,
25000,0.6,0.507845119,18.15907571,0.027966463,,
25000,0.6,0.609414143,19.06606849,0.031963283,,
25000,0.6,0.710983166,19.21813702,0.036995426,,
25000,0.6,0.81255219,18.84944465,0.043107487,,
25000,0.6,0.914121214,18.15774918,0.050343311,,
25000,0.6,1.218828285,15.3858388,0.079217539,,
25000,0.6,1.439390485,13.39360257,0.107468508,,
25000,0.7,0,0,0.022187098,,
25000,0.7,0.101569024,4.722923016,0.021505543,,
25000,0.7,0.203138048,9.356954812,0.021709846,,
25000,0.7,0.304707071,13.35944676,0.02280836,,
25000,0.7,0.406276095,16.3688768,0.024820035,,
25000,0.7,0.507845119,18.27853914,0.027783682,,
25000,0.7,0.609414143,19.15793804,0.031810007,,
25000,0.7,0.710983166,19.25440483,0.036925741,,
25000,0.7,0.81255219,18.82321288,0.043167561,,
25000,0.7,0.914121214,18.07577586,0.050571617,,
25000,0.7,1.218828285,15.22346632,0.080062468,,
25000,0.7,1.439390485,13.26471984,0.108512694,,
25000,0.75,0,0,0.022863348,,
25000,0.75,0.101569024,4.578100316,0.022185845,,
25000,0.75,0.203138048,9.073382231,0.022388349,,
25000,0.75,0.304707071,12.97898548,0.023476956,,
25000,0.75,0.406276095,15.95218848,0.025468361,,
25000,0.75,0.507845119,17.8026511,0.028526376,,
25000,0.75,0.609414143,18.52544478,0.03289606,,
25000,0.75,0.710983166,18.55343423,0.038320839,,
25000,0.75,0.81255219,18.11291569,0.044860375,,
25000,0.75,0.914121214,17.39763883,0.052542832,,
25000,0.75,1.218828285,14.79225795,0.082396365,,
25000,0.75,1.439390485,13.01429921,0.110600691,,
25000,0.775,0,0,0.023656963,,
25000,0.775,0.101569024,4.393303256,0.023119056,,
25000,0.775,0.203138048,8.710488727,0.023321085,,
25000,0.775,0.304707071,12.48544952,0.024404974,,
25000,0.775,0.406276095,15.39728352,0.026386219,,
25000,0.775,0.507845119,17.22391093,0.02948489,,
25000,0.775,0.609414143,17.8899114,0.034064682,,
25000,0.775,0.710983166,17.89317872,0.039734872,,
25000,0.775,0.81255219,17.4828975,0.046476975,,
25000,0.775,0.914121214,16.85150813,0.054245662,,
25000,0.775,1.218828285,14.47790281,0.084185417,,
25000,0.775,1.439390485,12.83064212,0.112183823,,
25000,0.8,0,0,0.025083015,,
25000,0.8,0.101569024,4.135607199,0.02455964,,
25000,0.8,0.203138048,8.197107588,0.024781674,,
25000,0.8,0.304707071,11.76949275,0.025889567,,
25000,0.8,0.406276095,14.56354854,0.027896779,,
25000,0.8,0.507845119,16.30574345,0.031145168,,
25000,0.8,0.609414143,16.90934819,0.036040073,,
25000,0.8,0.710983166,16.95678155,0.041929134,,
25000,0.8,0.81255219,16.63393877,0.048849055,,
25000,0.8,0.914121214,16.09383635,0.05679946,,
25000,0.8,1.218828285,14.03157008,0.086863286,,
25000,0.8,1.439390485,12.54284048,0.114757936,,
25000,0.825,0,0,0.027397887,,
25000,0.825,0.101569024,3.776310302,0.026896366,,
25000,0.825,0.203138048,7.477505721,0.027166552,,
25000,0.825,0.304707071,10.74944624,0.028346304,,
25000,0.825,0.406276095,13.3435061,0.030447477,,
25000,0.825,0.507845119,14.98366545,0.03389325,,
25000,0.825,0.609414143,15.55786143,0.039170817,,
25000,0.825,0.710983166,15.6558885,0.045413147,,
25000,0.825,0.81255219,15.44502802,0.052609305,,
25000,0.825,0.914121214,15.02829423,0.060826678,,
25000,0.825,1.218828285,13.28872351,0.091718989,,
25000,0.825,1.439390485,11.99126347,0.120036599,,
30000,0.2,0,0,0.027317545,,
30000,0.2,0.101569024,3.842710597,0.026431609,,
30000,0.2,0.203138048,7.663270674,0.026508009,,
30000,0.2,0.304707071,11.05185466,0.027570673,,
30000,0.2,0.406276095,13.70059709,0.029653897,,
30000,0.2,0.507845119,15.48364607,0.032798807,,
30000,0.2,0.609414143,16.44019727,0.037068542,,
30000,0.2,0.710983166,16.71735247,0.042529651,,
30000,0.2,0.81255219,16.49937959,0.049247439,,
30000,0.2,0.914121214,15.9572341,0.057285693,,
30000,0.2,1.218828285,13.55265521,0.089932804,,
30000,0.2,1.439390485,11.77840921,0.122205848,,
30000,0.3,0,0,0.025238033,,
30000,0.3,0.101569024,4.138515493,0.024542381,,
30000,0.3,0.203138048,8.201755598,0.02476763,,
30000,0.3,0.304707071,11.74848443,0.025935862,,
30000,0.3,0.406276095,14.46875017,0.028079557,,
30000,0.3,0.507845119,16.25812507,0.031236389,,
30000,0.3,0.609414143,17.18347604,0.035465126,,
30000,0.3,0.710983166,17.4137399,0.040828861,,
30000,0.3,0.81255219,17.14622597,0.047389565,,
30000,0.3,0.914121214,16.55781883,0.055207828,,
30000,0.3,1.218828285,14.04372457,0.086788108,,
30000,0.3,1.439390485,12.21080499,0.117878427,,
30000,0.4,0,0,0.024202542,,
30000,0.4,0.101569024,4.32050905,0.023508578,,
30000,0.4,0.203138048,8.560708264,0.023729117,,
30000,0.4,0.304707071,12.24524626,0.024883703,,
30000,0.4,0.406276095,15.04596827,0.027002323,,
30000,0.4,0.507845119,16.86170069,0.030118262,,
30000,0.4,0.609414143,17.7754415,0.034284051,,
30000,0.4,0.710983166,17.97317419,0.039558019,,
30000,0.4,0.81255219,17.66512966,0.045997522,,
30000,0.4,0.914121214,17.03583649,0.053658722,,
30000,0.4,1.218828285,14.42200784,0.084511692,,
30000,0.4,1.439390485,12.53888469,0.11479414,,
30000,0.5,0,0,0.023388649,,
30000,0.5,0.101569024,4.474969953,0.022697141,,
30000,0.5,0.203138048,8.866015817,0.022911988,,
30000,0.5,0.304707071,12.66996712,0.024049555,,
30000,0.5,0.406276095,15.5442796,0.026136695,,
30000,0.5,0.507845119,17.39088111,0.029201805,,
30000,0.5,0.609414143,18.30660732,0.0332893,,
30000,0.5,0.710983166,18.49041427,0.038451446,,
30000,0.5,0.81255219,18.16174064,0.044739775,,
30000,0.5,0.914121214,17.51027642,0.052204842,,
30000,0.5,1.218828285,14.83707076,0.082147501,,
30000,0.5,1.439390485,12.91905738,0.111416061,,
30000,0.6,0,0,0.022699041,,
30000,0.6,0.101569024,4.614413965,0.022011251,,
30000,0.6,0.203138048,9.142086052,0.022220098,,
30000,0.6,0.304707071,13.05616028,0.023338184,,
30000,0.6,0.406276095,16.00226806,0.025388657,,
30000,0.6,0.507845119,17.88503868,0.028394969,,
30000,0.6,0.609414143,18.81384582,0.03239179,,
30000,0.6,0.710983166,18.99808834,0.037423932,,
30000,0.6,0.81255219,18.66391726,0.043535994,,
30000,0.6,0.914121214,18.00450069,0.050771817,,
30000,0.6,1.218828285,15.30306081,0.079646046,,
30000,0.6,1.439390485,13.34041062,0.107897015,,
30000,0.7,0,0,0.022096709,,
30000,0.7,0.101569024,4.74285729,0.021415155,,
30000,0.7,0.203138048,9.396075396,0.021619457,,
30000,0.7,0.304707071,13.41260058,0.022717971,,
30000,0.7,0.406276095,16.42870646,0.024729646,,
30000,0.7,0.507845119,18.33819904,0.027693293,,
30000,0.7,0.609414143,19.21253096,0.031719618,,
30000,0.7,0.710983166,19.30165203,0.036835353,,
30000,0.7,0.81255219,18.86270926,0.043077173,,
30000,0.7,0.914121214,18.10814103,0.050481229,,
30000,0.7,1.218828285,15.24067275,0.079972079,,
30000,0.7,1.439390485,13.27577819,0.108422306,,
30000,0.75,0,0,0.023313668,,
30000,0.75,0.101569024,4.48702437,0.022636165,,
30000,0.75,0.203138048,8.894478006,0.02283867,,
30000,0.75,0.304707071,12.73471627,0.023927276,,
30000,0.75,0.406276095,15.67502972,0.025918681,,
30000,0.75,0.507845119,17.52598429,0.028976696,,
30000,0.75,0.609414143,18.27527135,0.03334638,,
30000,0.75,0.710983166,18.33793945,0.038771159,,
30000,0.75,0.81255219,17.93290061,0.045310695,,
30000,0.75,0.914121214,17.24979888,0.052993152,,
30000,0.75,1.218828285,14.71185341,0.082846685,,
30000,0.75,1.439390485,12.96152527,0.111051011,,
30000,0.775,0,0,0.024102817,,
30000,0.775,0.101569024,4.310180858,0.02356491,,
30000,0.775,0.203138048,8.547085007,0.023766939,,
30000,0.775,0.304707071,12.26144591,0.024850827,,
30000,0.775,0.406276095,15.14143521,0.026832073,,
30000,0.775,0.507845119,16.9673403,0.029930744,,
30000,0.775,0.609414143,17.65878522,0.034510536,,
30000,0.775,0.710983166,17.69463215,0.040180726,,
30000,0.775,0.81255219,17.31677751,0.046922829,,
30000,0.775,0.914121214,16.71413193,0.054691516,,
30000,0.775,1.218828285,14.4016304,0.084631271,,
30000,0.775,1.439390485,12.77985095,0.112629677,,
30000,0.8,0,0,0.025522521,,
30000,0.8,0.101569024,4.062899749,0.024999146,,
30000,0.8,0.203138048,8.054263914,0.025221181,,
30000,0.8,0.304707071,11.57302693,0.026329073,,
30000,0.8,0.406276095,14.33766265,0.028336285,,
30000,0.8,0.507845119,16.07884631,0.031584674,,
30000,0.8,0.609414143,16.70562434,0.036479579,,
30000,0.8,0.710983166,16.78088242,0.04236864,,
30000,0.8,0.81255219,16.48561364,0.049288562,,
30000,0.8,0.914121214,15.97026078,0.057238966,,
30000,0.8,1.218828285,13.96093134,0.087302792,,
30000,0.8,1.439390485,12.49498652,0.115197442,,
30000,0.825,0,0,0.027831178,,
30000,0.825,0.101569024,3.716439764,0.027329657,,
30000,0.825,0.203138048,7.36011607,0.027599843,,
30000,0.825,0.304707071,10.58760803,0.028779595,,
30000,0.825,0.406276095,13.15628209,0.030880768,,
30000,0.825,0.507845119,14.79453228,0.034326541,,
30000,0.825,0.609414143,15.38764976,0.039604108,,
30000,0.825,0.710983166,15.50792596,0.045846438,,
30000,0.825,0.81255219,15.31886137,0.053042597,,
30000,0.825,0.914121214,14.92199929,0.061259969,,
30000,0.825,1.218828285,13.22624123,0.09215228,,
30000,0.825,1.439390485,11.9481347,0.120469891,,
35000,0.2,0,0,0.028237387,,
35000,0.2,0.101569024,3.725748389,0.027261375,,
35000,0.2,0.203138048,7.450441307,0.027265237,,
35000,0.2,0.304707071,10.77735429,0.028272901,,
35000,0.2,0.406276095,13.40019781,0.030318664,,
35000,0.2,0.507845119,15.18509849,0.03344365,,
35000,0.2,0.609414143,16.16011623,0.037711,,
35000,0.2,0.710983166,16.46279828,0.043187261,,
35000,0.2,0.81255219,16.27130515,0.049937739,,
35000,0.2,0.914121214,15.75358833,0.058026222,,
35000,0.2,1.218828285,13.40413877,0.09092925,,
35000,0.2,1.439390485,11.65630335,0.123486018,,
35000,0.3,0,0,0.025815205,,
35000,0.3,0.101569024,4.043424817,0.025119553,,
35000,0.3,0.203138048,8.014979009,0.025344801,,
35000,0.3,0.304707071,11.49272778,0.026513033,,
35000,0.3,0.406276095,14.17733667,0.028656729,,
35000,0.3,0.507845119,15.96316486,0.031813561,,
35000,0.3,0.609414143,16.90830479,0.036042297,,
35000,0.3,0.710983166,17.17100419,0.041406033,,
35000,0.3,0.81255219,16.93990963,0.047966737,,
35000,0.3,0.914121214,16.38650558,0.055785,,
35000,0.3,1.218828285,13.95094595,0.087365279,,
35000,0.3,1.439390485,12.15130825,0.118455598,,
35000,0.4,0,0,0.024735322,,
35000,0.4,0.101569024,4.224762169,0.024041359,,
35000,0.4,0.203138048,8.372719083,0.024261897,,
35000,0.4,0.304707071,11.98856109,0.025416484,,
35000,0.4,0.406276095,14.75484203,0.027535103,,
35000,0.4,0.507845119,16.56860863,0.030651042,,
35000,0.4,0.609414143,17.50343513,0.034816831,,
35000,0.4,0.710983166,17.73432268,0.040090799,,
35000,0.4,0.81255219,17.46286087,0.046530302,,
35000,0.4,0.914121214,16.86834984,0.054191502,,
35000,0.4,1.218828285,14.3316578,0.085044473,,
35000,0.4,1.439390485,12.48095835,0.11532692,,
35000,0.5,0,0,0.023886729,,
35000,0.5,0.101569024,4.378877183,0.023195221,,
35000,0.5,0.203138048,8.677379293,0.023410069,,
35000,0.5,0.304707071,12.4128886,0.024547636,,
35000,0.5,0.406276095,15.25359534,0.026634776,,
35000,0.5,0.507845119,17.09922789,0.029699886,,
35000,0.5,0.609414143,18.03673812,0.033787381,,
35000,0.5,0.710983166,18.25396196,0.038949526,,
35000,0.5,0.81255219,17.96177498,0.045237856,,
35000,0.5,0.914121214,17.34479156,0.052702923,,
35000,0.5,1.218828285,14.74765203,0.082645582,,
35000,0.5,1.439390485,12.86156041,0.111914141,,
35000,0.6,0,0,0.023168054,,
35000,0.6,0.101569024,4.518141757,0.022480265,,
35000,0.6,0.203138048,8.953107418,0.022689111,,
35000,0.6,0.304707071,12.79894777,0.023807197,,
35000,0.6,0.406276095,15.71201485,0.02585767,,
35000,0.6,0.507845119,17.59442335,0.028863982,,
35000,0.6,0.609414143,18.54532109,0.032860803,,
35000,0.6,0.710983166,18.76294297,0.037892945,,
35000,0.6,0.81255219,18.46499399,0.044005007,,
35000,0.6,0.914121214,17.83970315,0.051240831,,
35000,0.6,1.218828285,15.21347298,0.080115059,,
35000,0.6,1.439390485,13.28267273,0.108366028,,
35000,0.7,0,0,0.022540296,,
35000,0.7,0.101569024,4.646608849,0.021858742,,
35000,0.7,0.203138048,9.207163255,0.022063044,,
35000,0.7,0.304707071,13.15572428,0.023161558,,
35000,0.7,0.406276095,16.13921005,0.025173233,,
35000,0.7,0.507845119,18.04909141,0.02813688,,
35000,0.7,0.609414143,18.94755647,0.032163205,,
35000,0.7,0.710983166,19.07197965,0.037278939,,
35000,0.7,0.81255219,18.67045081,0.043520759,,
35000,0.7,0.914121214,17.95040815,0.050924815,,
35000,0.7,1.218828285,15.15660251,0.080415666,,
35000,0.7,1.439390485,13.22168445,0.108865893,,
35000,0.75,0,0,0.023221501,,
35000,0.75,0.101569024,4.505368746,0.022543998,,
35000,0.75,0.203138048,8.930518108,0.022746502,,
35000,0.75,0.304707071,12.78395962,0.023835109,,
35000,0.75,0.406276095,15.73096915,0.025826514,,
35000,0.75,0.507845119,17.58190757,0.028884529,,
35000,0.75,0.609414143,18.32592288,0.033254213,,
35000,0.75,0.710983166,18.38163637,0.038678992,,
35000,0.75,0.81255219,17.96945248,0.045218528,,
35000,0.75,0.914121214,17.27985243,0.052900985,,
35000,0.75,1.218828285,14.72823858,0.082754518,,
35000,0.75,1.439390485,12.97229165,0.110958844,,
35000,0.775,0,0,0.024017722,,
35000,0.775,0.101569024,4.325801715,0.023479815,,
35000,0.775,0.203138048,8.577796898,0.023681844,,
35000,0.775,0.304707071,12.30357571,0.024765733,,
35000,0.775,0.406276095,15.1896074,0.026746978,,
35000,0.775,0.507845119,17.01571706,0.029845649,,
35000,0.775,0.609414143,17.70243533,0.034425441,,
35000,0.775,0.710983166,17.73218548,0.040095631,,
35000,0.775,0.81255219,17.34823871,0.046837734,,
35000,0.775,0.914121214,16.74017812,0.054606421,,
35000,0.775,1.218828285,14.41612551,0.084546176,,
35000,0.775,1.439390485,12.7895138,0.112544582,,
35000,0.8,0,0,0.02544673,,
35000,0.8,0.101569024,4.075254876,0.024923355,,
35000,0.8,0.203138048,8.078540682,0.025145389,,
35000,0.8,0.304707071,11.60643728,0.026253282,,
35000,0.8,0.406276095,14.37611441,0.028260494,,
35000,0.8,0.507845119,16.11752213,0.031508883,,
35000,0.8,0.609414143,16.74040468,0.036403788,,
35000,0.8,0.710983166,16.81095464,0.042292849,,
35000,0.8,0.81255219,16.51100294,0.04921277,,
35000,0.8,0.914121214,15.99143557,0.057163174,,
35000,0.8,1.218828285,13.97306207,0.087227,,
35000,0.8,1.439390485,12.50321267,0.115121651,,
35000,0.825,0,0,0.027764502,,
35000,0.825,0.101569024,3.725528914,0.027262981,,
35000,0.825,0.203138048,7.377939509,0.027533168,,
35000,0.825,0.304707071,10.61219415,0.028712919,,
35000,0.825,0.406276095,13.18474985,0.030814092,,
35000,0.825,0.507845119,14.82332516,0.034259865,,
35000,0.825,0.609414143,15.41359952,0.039537432,,
35000,0.825,0.710983166,15.5305125,0.045779762,,
35000,0.825,0.81255219,15.33814183,0.052975921,,
35000,0.825,0.914121214,14.93825825,0.061193293,,
35000,0.825,1.218828285,13.23581789,0.092085604,,
35000,0.825,1.439390485,11.95475125,0.120403215,,
39800,0.2,0,0,0.029450961,,
39800,0.2,0.101569024,3.582125035,0.028354405,,
39800,0.2,0.203138048,7.187879436,0.028261193,,
39800,0.2,0.304707071,10.43686966,0.029195255,,
39800,0.2,0.406276095,13.02547549,0.031190884,,
39800,0.2,0.507845119,14.8106401,0.034289208,,
39800,0.2,0.609414143,15.8070286,0.038553365,,
39800,0.2,0.710983166,16.1404018,0.044049905,,
39800,0.2,0.81255219,15.98123862,0.050844131,,
39800,0.2,0.914121214,15.49362375,0.058999833,,
39800,0.2,1.218828285,13.21289861,0.092245337,,
39800,0.2,1.439390485,11.49840097,0.125181796,,
39800,0.3,0,0,0.027135266,,
39800,0.3,0.101569024,3.868170183,0.026257641,,
39800,0.3,0.203138048,7.713217143,0.026336358,,
39800,0.3,0.304707071,11.12333518,0.027393499,,
39800,0.3,0.406276095,13.79004716,0.029461545,,
39800,0.3,0.507845119,15.58851113,0.032578167,,
39800,0.3,0.609414143,16.55920623,0.036802135,,
39800,0.3,0.710983166,16.84932301,0.042196542,,
39800,0.3,0.81255219,16.64269331,0.048823359,,
39800,0.3,0.914121214,16.10980024,0.056743175,,
39800,0.3,1.218828285,13.71924665,0.088840759,,
39800,0.3,1.439390485,11.94469982,0.120504534,,
39800,0.4,0,0,0.025435555,,
39800,0.4,0.101569024,4.105193554,0.024741592,,
39800,0.4,0.203138048,8.137849134,0.02496213,,
39800,0.4,0.304707071,11.66712765,0.026116717,,
39800,0.4,0.406276095,14.38892369,0.028235336,,
39800,0.4,0.507845119,16.19854756,0.031351275,,
39800,0.4,0.609414143,17.15834749,0.035517065,,
39800,0.4,0.710983166,17.42988915,0.040791032,,
39800,0.4,0.81255219,17.20395905,0.047230535,,
39800,0.4,0.914121214,16.65316671,0.054891735,,
39800,0.4,1.218828285,14.21461851,0.085744706,,
39800,0.4,1.439390485,12.40563478,0.116027153,,
39800,0.5,0,0,0.024542503,,
39800,0.5,0.101569024,4.258481449,0.023850996,,
39800,0.5,0.203138048,8.440927999,0.024065843,,
39800,0.5,0.304707071,12.08991446,0.02520341,,
39800,0.5,0.406276095,14.88706146,0.02729055,,
39800,0.5,0.507845119,16.72983289,0.03035566,,
39800,0.5,0.609414143,17.69333103,0.034443155,,
39800,0.5,0.710983166,17.95171772,0.0396053,,
39800,0.5,0.81255219,17.70511921,0.04589363,,
39800,0.5,0.914121214,17.1316255,0.053358697,,
39800,0.5,1.218828285,14.63155396,0.083301356,,
39800,0.5,1.439390485,12.78663551,0.112569916,,
39800,0.6,0,0,0.02378677,,
39800,0.6,0.101569024,4.397121414,0.023098981,,
39800,0.6,0.203138048,8.715443069,0.023307828,,
39800,0.6,0.304707071,12.47474592,0.024425914,,
39800,0.6,0.406276095,15.34484652,0.026476387,,
39800,0.6,0.507845119,17.22519092,0.029482699,,
39800,0.6,0.609414143,18.20259553,0.033479519,,
39800,0.6,0.710983166,18.46150306,0.038511662,,
39800,0.6,0.81255219,18.20897351,0.044623723,,
39800,0.6,0.914121214,17.62686462,0.051859547,,
39800,0.6,1.218828285,15.09688194,0.080733776,,
39800,0.6,1.439390485,13.2072657,0.108984745,,
39800,0.7,0,0,0.023126716,,
39800,0.7,0.101569024,4.525208084,0.022445161,,
39800,0.7,0.203138048,8.968779482,0.022649464,,
39800,0.7,0.304707071,12.83086379,0.023747978,,
39800,0.7,0.406276095,15.77179999,0.025759653,,
39800,0.7,0.507845119,17.68059795,0.0287233,,
39800,0.7,0.609414143,18.60827851,0.032749625,,
39800,0.7,0.710983166,18.77661231,0.037865359,,
39800,0.7,0.81255219,18.42222079,0.044107179,,
39800,0.7,0.914121214,17.74605509,0.051511235,,
39800,0.7,1.218828285,15.04687527,0.081002086,,
39800,0.7,1.439390485,13.15084587,0.109452312,,
39800,0.75,0,0,0.023793076,,
39800,0.75,0.101569024,4.393965229,0.023115573,,
39800,0.75,0.203138048,8.711612368,0.023318077,,
39800,0.75,0.304707071,12.48457476,0.024406684,,
39800,0.75,0.406276095,15.39036007,0.026398089,,
39800,0.75,0.507845119,17.24074301,0.029456104,,
39800,0.75,0.609414143,18.01625857,0.033825788,,
39800,0.75,0.710983166,18.11395912,0.039250567,,
39800,0.75,0.81255219,17.74514877,0.045790103,,
39800,0.75,0.914121214,17.09514588,0.05347256,,
39800,0.75,1.218828285,14.62721029,0.083326093,,
39800,0.75,1.439390485,12.90581079,0.111530419,,
39800,0.775,0,0,0.024582059,,
39800,0.775,0.101569024,4.224271415,0.024044152,,
39800,0.775,0.203138048,8.37814615,0.024246181,,
39800,0.775,0.304707071,12.02946028,0.02533007,,
39800,0.775,0.406276095,14.87574271,0.027311315,,
39800,0.775,0.507845119,16.69994583,0.030409986,,
39800,0.775,0.609414143,17.41691939,0.034989778,,
39800,0.775,0.710983166,17.48607294,0.040659968,,
39800,0.775,0.81255219,17.14170231,0.047402071,,
39800,0.775,0.914121214,16.56894426,0.055170758,,
39800,0.775,1.218828285,14.32053741,0.085110513,,
39800,0.775,1.439390485,12.72570278,0.113108919,,
39800,0.8,0,0,0.026001692,,
39800,0.8,0.101569024,3.986488746,0.025478317,,
39800,0.8,0.203138048,7.904095944,0.025700352,,
39800,0.8,0.304707071,11.36617003,0.026808245,,
39800,0.8,0.406276095,14.09924226,0.028815456,,
39800,0.8,0.507845119,15.83855957,0.032063845,,
39800,0.8,0.609414143,16.48903556,0.03695875,,
39800,0.8,0.710983166,16.59321988,0.042847812,,
39800,0.8,0.81255219,16.32688774,0.049767733,,
39800,0.8,0.914121214,15.83767705,0.057718137,,
39800,0.8,1.218828285,13.88472351,0.087781963,,
39800,0.8,1.439390485,12.44322802,0.115676614,,
39800,0.825,0,0,0.028310313,,
39800,0.825,0.101569024,3.652406908,0.027808792,,
39800,0.825,0.203138048,7.234524019,0.028078979,,
39800,0.825,0.304707071,10.41422751,0.02925873,,
39800,0.825,0.406276095,12.95527269,0.031359903,,
39800,0.825,0.507845119,14.59087072,0.034805676,,
39800,0.825,0.609414143,15.20371351,0.040083243,,
39800,0.825,0.710983166,15.34753063,0.046325574,,
39800,0.825,0.81255219,15.1817245,0.053521732,,
39800,0.825,0.914121214,14.80619502,0.061739104,,
39800,0.825,1.218828285,13.1578285,0.092631416,,
39800,0.825,1.439390485,11.90080262,0.120949026,,
,,,,,,
,,,,,,
,,,,,,
,,,,,,
,,,,,,
,,,,,,
,,,,,,
,,,,,,
,,,,,,
,,,,,,
,,,,,,
,,,,,,
,,,,,,
,,,,,,
,,,,,,
,,,,,,
,,,,,,
,,,,,,
,,,,,,
,,,,,,
,,,,,,
,,,,,,
,,,,,,
,,,,,,
,,,,,,
,,,,,,
,,,,,,
,,,,,,
,,,,,,
,,,,,,
,,,,,,
,,,,,,
,,,,,,
,,,,,,
,,,,,,
,,,,,,
,,,,,,
,,,,,,
,,,,,,
,,,,,,
,,,,,,
,,,,,,
,,,,,,
,,,,,,
,,,,,,
,,,,,,
,,,,,,
,,,,,,
,,,,,,
,,,,,,
,,,,,,
,,,,,,
,,,,,,
,,,,,,
,,,,,,
,,,,,,
,,,,,,
,,,,,,
,,,,,,
,,,,,,
,,,,,,
,,,,,,
,,,,,,
,,,,,,
,,,,,,
,,,,,,
,,,,,,
,,,,,,
,,,,,,
,,,,,,
,,,,,,
,,,,,,
,,,,,,
,,,,,,
,,,,,,
,,,,,,
,,,,,,
,,,,,,
,,,,,,
,,,,,,
,,,,,,
,,,,,,
,,,,,,
,,,,,,
,,,,,,
,,,,,,
,,,,,,
,,,,,,
,,,,,,
,,,,,,
,,,,,,
,,,,,,
,,,,,,
,,,,,,
,,,,,,
,,,,,,
,,,,,,
,,,,,,
,,,,,,
,,,,,,
,,,,,,
,,,,,,
,,,,,,
,,,,,,
,,,,,,
,,,,,,
,,,,,,
,,,,,,
,,,,,,
,,,,,,
,,,,,,
,,,,,,
,,,,,,
,,,,,,
,,,,,,
,,,,,,
,,,,,,
,,,,,,
,,,,,,
,,,,,,
,,,,,,
,,,,,,
,,,,,,
,,,,,,
,,,,,,
,,,,,,
,,,,,,
,,,,,,
,,,,,,
,,,,,,
,,,,,,
,,,,,,
,,,,,,
,,,,,,
,,,,,,
,,,,,,
,,,,,,
,,,,,,
,,,,,,
,,,,,,
,,,,,,
,,,,,,
,,,,,,
,,,,,,
,,,,,,
,,,,,,
,,,,,,
,,,,,,
,,,,,,
,,,,,,
,,,,,,
,,,,,,
,,,,,,
,,,,,,
,,,,,,
,,,,,,
,,,,,,
,,,,,,
,,,,,,
,,,,,,
,,,,,,
,,,,,,
,,,,,,
,,,,,,
,,,,,,
,,,,,,
,,,,,,
,,,,,,
,,,,,,
,,,,,,
,,,,,,
,,,,,,
,,,,,,
,,,,,,
,,,,,,
,,,,,,
,,,,,,
,,,,,,
,,,,,,
,,,,,,
,,,,,,
,,,,,,
,,,,,,
,,,,,,
,,,,,,
,,,,,,
,,,,,,
,,,,,,
,,,,,,
,,,,,,
,,,,,,
,,,,,,
,,,,,,
,,,,,,
,,,,,,
,,,,,,
,,,,,,
,,,,,,
,,,,,,
,,,,,,
,,,,,,
,,,,,,
,,,,,,
,,,,,,
,,,,,,
,,,,,,
,,,,,,
,,,,,,
,,,,,,
,,,,,,
,,,,,,
,,,,,,
,,,,,,
,,,,,,
,,,,,,
,,,,,,
,,,,,,
,,,,,,
,,,,,,
,,,,,,
,,,,,,
,,,,,,
,,,,,,
,,,,,,
,,,,,,
,,,,,,
,,,,,,
,,,,,,
,,,,,,
,,,,,,
,,,,,,
,,,,,,
,,,,,,
,,,,,,
,,,,,,
,,,,,,
,,,,,,
,,,,,,
,,,,,,
,,,,,,
,,,,,,
,,,,,,
,,,,,,
,,,,,,
,,,,,,
,,,,,,
,,,,,,
,,,,,,
,,,,,,
,,,,,,
,,,,,,
,,,,,,
,,,,,,
,,,,,,
,,,,,,
,,,,,,
,,,,,,
,,,,,,
,,,,,,
,,,,,,
,,,,,,
,,,,,,
,,,,,,
,,,,,,
,,,,,,
,,,,,,
,,,,,,
,,,,,,
,,,,,,
,,,,,,
,,,,,,
,,,,,,
,,,,,,
,,,,,,
,,,,,,
,,,,,,
,,,,,,
,,,,,,
,,,,,,
,,,,,,
,,,,,,
,,,,,,
,,,,,,
,,,,,,
,,,,,,
,,,,,,
,,,,,,
,,,,,,
,,,,,,
,,,,,,
,,,,,,
,,,,,,
,,,,,,
,,,,,,
,,,,,,
,,,,,,
,,,,,,
,,,,,,
,,,,,,
,,,,,,
,,,,,,
,,,,,,
,,,,,,
,,,,,,
,,,,,,
,,,,,,
,,,,,,
,,,,,,
,,,,,,
,,,,,,
,,,,,,
,,,,,,
,,,,,,
,,,,,,
,,,,,,
,,,,,,
,,,,,,
,,,,,,
,,,,,,
,,,,,,
,,,,,,
,,,,,,
,,,,,,
,,,,,,
,,,,,,
,,,,,,
,,,,,,
,,,,,,
,,,,,,
,,,,,,
,,,,,,
,,,,,,
,,,,,,
,,,,,,
,,,,,,
,,,,,,
,,,,,,
,,,,,,
,,,,,,
,,,,,,
,,,,,,
,,,,,,
,,,,,,
,,,,,,
,,,,,,
,,,,,,
,,,,,,
,,,,,,
,,,,,,
,,,,,,
,,,,,,
,,,,,,
,,,,,,
,,,,,,
,,,,,,
,,,,,,
,,,,,,
,,,,,,
,,,,,,
,,,,,,
,,,,,,
,,,,,,
,,,,,,
,,,,,,
,,,,,,
,,,,,,
,,,,,,
,,,,,,
,,,,,,
,,,,,,
,,,,,,
,,,,,,
,,,,,,
,,,,,,
,,,,,,
,,,,,,
,,,,,,
,,,,,,
,,,,,,
,,,,,,
,,,,,,
,,,,,,
,,,,,,
,,,,,,
,,,,,,
,,,,,,
,,,,,,
,,,,,,
,,,,,,
,,,,,,
,,,,,,
,,,,,,
,,,,,,
,,,,,,
,,,,,,
,,,,,,
,,,,,,
,,,,,,
,,,,,,
,,,,,,
,,,,,,
,,,,,,
,,,,,,
,,,,,,
,,,,,,
,,,,,,
,,,,,,
,,,,,,
,,,,,,
,,,,,,
,,,,,,
,,,,,,
,,,,,,
,,,,,,
,,,,,,
,,,,,,
,,,,,,
,,,,,,
,,,,,,
,,,,,,
,,,,,,
,,,,,,
,,,,,,
,,,,,,
,,,,,,
,,,,,,
,,,,,,
,,,,,,
,,,,,,
,,,,,,
,,,,,,
,,,,,,
,,,,,,
,,,,,,
,,,,,,
,,,,,,
,,,,,,
,,,,,,
,,,,,,
,,,,,,
,,,,,,
,,,,,,
,,,,,,
,,,,,,
,,,,,,
,,,,,,
,,,,,,
,,,,,,
,,,,,,
,,,,,,
,,,,,,
,,,,,,
,,,,,,
,,,,,,
,,,,,,
,,,,,,
,,,,,,
,,,,,,
,,,,,,
,,,,,,
,,,,,,
,,,,,,
,,,,,,
,,,,,,
,,,,,,
,,,,,,
,,,,,,
,,,,,,
,,,,,,
,,,,,,
,,,,,,
,,,,,,
,,,,,,
,,,,,,
,,,,,,
,,,,,,
,,,,,,
,,,,,,
,,,,,,
,,,,,,
,,,,,,
,,,,,,
,,,,,,
,,,,,,
,,,,,,
,,,,,,
,,,,,,
,,,,,,
,,,,,,
,,,,,,
,,,,,,
,,,,,,
,,,,,,
,,,,,,
,,,,,,
,,,,,,
,,,,,,
,,,,,,
,,,,,,
,,,,,,
,,,,,,
,,,,,,
,,,,,,
,,,,,,
,,,,,,
,,,,,,
,,,,,,
,,,,,,
,,,,,,
,,,,,,
,,,,,,
,,,,,,
,,,,,,
,,,,,,
,,,,,,
,,,,,,
,,,,,,
,,,,,,
,,,,,,
,,,,,,
,,,,,,
,,,,,,
,,,,,,
,,,,,,
,,,,,,
,,,,,,
,,,,,,
,,,,,,
,,,,,,
,,,,,,
,,,,,,
,,,,,,
,,,,,,
,,,,,,
,,,,,,
,,,,,,
,,,,,,
,,,,,,
,,,,,,
,,,,,,
,,,,,,
,,,,,,
,,,,,,
,,,,,,
,,,,,,
,,,,,,
,,,,,,
,,,,,,
,,,,,,
,,,,,,
,,,,,,
,,,,,,
,,,,,,
,,,,,,
,,,,,,
,,,,,,
,,,,,,
,,,,,,
,,,,,,
,,,,,,
,,,,,,
,,,,,,
,,,,,,
,,,,,,
,,,,,,
,,,,,,
,,,,,,
,,,,,,
,,,,,,
,,,,,,
,,,,,,
,,,,,,
,,,,,,
,,,,,,
,,,,,,
,,,,,,
,,,,,,
,,,,,,
,,,,,,
,,,,,,
,,,,,,
,,,,,,
,,,,,,
,,,,,,
,,,,,,
,,,,,,
,,,,,,
,,,,,,
,,,,,,
,,,,,,
,,,,,,
,,,,,,
,,,,,,
,,,,,,
,,,,,,
,,,,,,
,,,,,,
,,,,,,
,,,,,,
,,,,,,
,,,,,,
,,,,,,
,,,,,,
,,,,,,
,,,,,,
,,,,,,
,,,,,,
,,,,,,
,,,,,,
,,,,,,
,,,,,,
,,,,,,
,,,,,,
,,,,,,
,,,,,,
,,,,,,
,,,,,,
,,,,,,
,,,,,,
,,,,,,
,,,,,,
,,,,,,
,,,,,,
,,,,,,
,,,,,,
,,,,,,
,,,,,,
,,,,,,
,,,,,,
,,,,,,
,,,,,,
,,,,,,
,,,,,,
,,,,,,
,,,,,,
,,,,,,
,,,,,,
,,,,,,
,,,,,,
,,,,,,
,,,,,,
,,,,,,
,,,,,,
,,,,,,
,,,,,,
,,,,,,
,,,,,,
,,,,,,
,,,,,,
,,,,,,
,,,,,,
,,,,,,
,,,,,,
,,,,,,
,,,,,,
,,,,,,
,,,,,,
,,,,,,
,,,,,,
,,,,,,
,,,,,,
,,,,,,
,,,,,,
,,,,,,
,,,,,,
,,,,,,
,,,,,,
,,,,,,
,,,,,,
,,,,,,
,,,,,,
,,,,,,
,,,,,,
,,,,,,
,,,,,,
,,,,,,
,,,,,,
,,,,,,
,,,,,,
,,,,,,
,,,,,,
,,,,,,
,,,,,,
,,,,,,
,,,,,,
,,,,,,
,,,,,,
,,,,,,
,,,,,,
,,,,,,
,,,,,,
,,,,,,
,,,,,,
,,,,,,
,,,,,,
,,,,,,
,,,,,,
,,,,,,
,,,,,,
,,,,,,
,,,,,,
,,,,,,
,,,,,,
,,,,,,
,,,,,,
,,,,,,
,,,,,,
,,,,,,
,,,,,,
,,,,,,
,,,,,,
,,,,,,
,,,,,,
,,,,,,
,,,,,,
,,,,,,
,,,,,,
,,,,,,
,,,,,,
,,,,,,
,,,,,,
,,,,,,
,,,,,,
,,,,,,
,,,,,,
,,,,,,
,,,,,,
,,,,,,
,,,,,,
,,,,,,
,,,,,,
,,,,,,
,,,,,,
,,,,,,
,,,,,,
,,,,,,
,,,,,,
,,,,,,
,,,,,,
,,,,,,
,,,,,,
,,,,,,
,,,,,,
,,,,,,
,,,,,,
,,,,,,
,,,,,,
,,,,,,
,,,,,,
,,,,,,
,,,,,,
,,,,,,
,,,,,,
,,,,,,
,,,,,,
,,,,,,
,,,,,,
,,,,,,
,,,,,,
,,,,,,
,,,,,,
,,,,,,
,,,,,,
,,,,,,
,,,,,,
,,,,,,
,,,,,,
,,,,,,
,,,,,,
,,,,,,
,,,,,,
,,,,,,
,,,,,,
,,,,,,
,,,,,,
,,,,,,
,,,,,,
,,,,,,
,,,,,,
,,,,,,
,,,,,,
,,,,,,
,,,,,,
,,,,,,
,,,,,,
,,,,,,
,,,,,,
,,,,,,
,,,,,,
,,,,,,
,,,,,,
,,,,,,
,,,,,,
,,,,,,
,,,,,,
,,,,,,
,,,,,,
,,,,,,
,,,,,,
,,,,,,
,,,,,,
,,,,,,
,,,,,,
,,,,,,
,,,,,,
,,,,,,
,,,,,,
,,,,,,
,,,,,,
,,,,,,
,,,,,,
,,,,,,
,,,,,,
,,,,,,
,,,,,,
,,,,,,
,,,,,,
,,,,,,
,,,,,,
,,,,,,
,,,,,,
,,,,,,
,,,,,,
,,,,,,
,,,,,,
,,,,,,
,,,,,,
,,,,,,
,,,,,,
,,,,,,
,,,,,,
,,,,,,
,,,,,,
,,,,,,
,,,,,,
,,,,,,
,,,,,,
,,,,,,
,,,,,,
,,,,,,
,,,,,,
,,,,,,
,,,,,,
,,,,,,
,,,,,,
,,,,,,
,,,,,,
,,,,,,
,,,,,,
,,,,,,
,,,,,,
,,,,,,
,,,,,,
,,,,,,
,,,,,,
,,,,,,
,,,,,,
,,,,,,
,,,,,,
,,,,,,
,,,,,,
,,,,,,
,,,,,,
,,,,,,
,,,,,,
,,,,,,
,,,,,,
,,,,,,
,,,,,,
,,,,,,
,,,,,,
,,,,,,
,,,,,,
,,,,,,
,,,,,,
,,,,,,
,,,,,,
,,,,,,
,,,,,,
,,,,,,
,,,,,,
,,,,,,
,,,,,,
,,,,,,
,,,,,,
,,,,,,
,,,,,,
,,,,,,
,,,,,,
,,,,,,
,,,,,,
,,,,,,
,,,,,,
,,,,,,
,,,,,,
,,,,,,
,,,,,,
,,,,,,
,,,,,,
,,,,,,
,,,,,,
,,,,,,
,,,,,,
,,,,,,
,,,,,,
,,,,,,
,,,,,,
,,,,,,
,,,,,,
,,,,,,
,,,,,,
,,,,,,
,,,,,,
,,,,,,
,,,,,,
,,,,,,
,,,,,,
,,,,,,
,,,,,,
,,,,,,
,,,,,,
,,,,,,
,,,,,,
,,,,,,
,,,,,,
,,,,,,
,,,,,,
,,,,,,
,,,,,,
,,,,,,
,,,,,,
,,,,,,
,,,,,,
,,,,,,
,,,,,,
,,,,,,
,,,,,,
,,,,,,
,,,,,,
,,,,,,
,,,,,,
,,,,,,
,,,,,,
,,,,,,
,,,,,,
,,,,,,
,,,,,,
,,,,,,
,,,,,,
,,,,,,
,,,,,,
,,,,,,
,,,,,,
,,,,,,
,,,,,,
,,,,,,
,,,,,,
,,,,,,
,,,,,,
,,,,,,
,,,,,,
,,,,,,
,,,,,,
,,,,,,
,,,,,,
,,,,,,
,,,,,,
,,,,,,
,,,,,,
,,,,,,
,,,,,,
,,,,,,
,,,,,,
,,,,,,
,,,,,,
,,,,,,
,,,,,,
,,,,,,
,,,,,,
,,,,,,
,,,,,,
,,,,,,
,,,,,,
,,,,,,
,,,,,,
,,,,,,
,,,,,,
,,,,,,
,,,,,,
,,,,,,
,,,,,,
,,,,,,
,,,,,,
,,,,,,
,,,,,,
,,,,,,
,,,,,,
,,,,,,
,,,,,,
,,,,,,
,,,,,,
,,,,,,
,,,,,,
,,,,,,
,,,,,,
,,,,,,
,,,,,,
,,,,,,
,,,,,,
,,,,,,
,,,,,,
,,,,,,
,,,,,,
,,,,,,
,,,,,,
,,,,,,
,,,,,,
,,,,,,
,,,,,,
,,,,,,
,,,,,,
,,,,,,
,,,,,,
,,,,,,
,,,,,,
,,,,,,
,,,,,,
,,,,,,
,,,,,,
,,,,,,
,,,,,,
,,,,,,
,,,,,,
,,,,,,
,,,,,,
,,,,,,
,,,,,,
,,,,,,
,,,,,,
,,,,,,
,,,,,,
,,,,,,
,,,,,,
,,,,,,
,,,,,,
,,,,,,
,,,,,,
,,,,,,
,,,,,,
,,,,,,
,,,,,,
,,,,,,
,,,,,,
,,,,,,
,,,,,,
,,,,,,
,,,,,,
,,,,,,
,,,,,,
,,,,,,
,,,,,,
,,,,,,
,,,,,,
,,,,,,
,,,,,,
,,,,,,
,,,,,,
,,,,,,
,,,,,,
,,,,,,
,,,,,,
,,,,,,
,,,,,,
,,,,,,
,,,,,,
,,,,,,
,,,,,,
,,,,,,
,,,,,,
,,,,,,
,,,,,,
,,,,,,
,,,,,,
,,,,,,
,,,,,,
,,,,,,
,,,,,,
,,,,,,
,,,,,,
,,,,,,
,,,,,,
,,,,,,
,,,,,,
,,,,,,
,,,,,,
,,,,,,
,,,,,,
,,,,,,
,,,,,,
,,,,,,
,,,,,,
,,,,,,
,,,,,,
,,,,,,
,,,,,,
,,,,,,
,,,,,,
,,,,,,
,,,,,,
,,,,,,
,,,,,,
,,,,,,
,,,,,,
,,,,,,
,,,,,,
,,,,,,
,,,,,,
,,,,,,
,,,,,,
,,,,,,
,,,,,,
,,,,,,
,,,,,,
,,,,,,
,,,,,,
,,,,,,
,,,,,,
,,,,,,
,,,,,,
,,,,,,
,,,,,,
,,,,,,
,,,,,,
,,,,,,
,,,,,,
,,,,,,
,,,,,,
,,,,,,
,,,,,,
,,,,,,
,,,,,,
,,,,,,
,,,,,,
,,,,,,
,,,,,,
,,,,,,
,,,,,,
,,,,,,
,,,,,,
,,,,,,
,,,,,,
,,,,,,
,,,,,,
,,,,,,
,,,,,,
,,,,,,
,,,,,,
,,,,,,
,,,,,,
,,,,,,
,,,,,,
,,,,,,
,,,,,,
,,,,,,
,,,,,,
,,,,,,
,,,,,,
,,,,,,
,,,,,,
,,,,,,
,,,,,,
,,,,,,
,,,,,,
,,,,,,
,,,,,,
,,,,,,
,,,,,,
,,,,,,
,,,,,,
,,,,,,
,,,,,,
,,,,,,
,,,,,,
,,,,,,
,,,,,,
,,,,,,
,,,,,,
,,,,,,
,,,,,,
,,,,,,
,,,,,,
,,,,,,
,,,,,,
,,,,,,
,,,,,,
,,,,,,
,,,,,,
,,,,,,
,,,,,,
,,,,,,
,,,,,,
,,,,,,
,,,,,,
,,,,,,
,,,,,,
,,,,,,
,,,,,,
,,,,,,
,,,,,,
,,,,,,
,,,,,,
,,,,,,
,,,,,,
,,,,,,
,,,,,,
,,,,,,
,,,,,,
,,,,,,
,,,,,,
,,,,,,
,,,,,,
,,,,,,
,,,,,,
,,,,,,
,,,,,,
,,,,,,
,,,,,,
,,,,,,
,,,,,,
,,,,,,
,,,,,,
,,,,,,
,,,,,,
,,,,,,
,,,,,,
,,,,,,
,,,,,,
,,,,,,
,,,,,,
,,,,,,
,,,,,,
,,,,,,
,,,,,,
,,,,,,
,,,,,,
,,,,,,
,,,,,,
,,,,,,
,,,,,,
,,,,,,
,,,,,,
,,,,,,
,,,,,,
,,,,,,
,,,,,,
,,,,,,
,,,,,,
,,,,,,
,,,,,,
,,,,,,
,,,,,,
,,,,,,
,,,,,,
,,,,,,
,,,,,,
,,,,,,
,,,,,,
,,,,,,
,,,,,,
,,,,,,
,,,,,,
,,,,,,
,,,,,,
,,,,,,
,,,,,,
,,,,,,
,,,,,,
,,,,,,
,,,,,,
,,,,,,
,,,,,,
,,,,,,
,,,,,,
,,,,,,
,,,,,,
,,,,,,
,,,,,,
,,,,,,
,,,,,,
,,,,,,
,,,,,,
,,,,,,
,,,,,,
,,,,,,
,,,,,,
,,,,,,
,,,,,,
,,,,,,
,,,,,,
,,,,,,
,,,,,,
,,,,,,
,,,,,,
,,,,,,
,,,,,,
,,,,,,
,,,,,,
,,,,,,
,,,,,,
,,,,,,
,,,,,,
,,,,,,
,,,,,,
,,,,,,
,,,,,,
,,,,,,
,,,,,,
,,,,,,
,,,,,,
,,,,,,
,,,,,,
,,,,,,
,,,,,,
,,,,,,
,,,,,,
,,,,,,
,,,,,,
,,,,,,
,,,,,,
,,,,,,
,,,,,,
,,,,,,
,,,,,,
,,,,,,
,,,,,,
,,,,,,
,,,,,,
,,,,,,
,,,,,,
,,,,,,
,,,,,,
,,,,,,
,,,,,,
,,,,,,
,,,,,,
,,,,,,
,,,,,,
,,,,,,
,,,,,,
,,,,,,
,,,,,,
,,,,,,
,,,,,,
,,,,,,
,,,,,,
,,,,,,
,,,,,,
,,,,,,
,,,,,,
,,,,,,
,,,,,,
,,,,,,
,,,,,,
,,,,,,
,,,,,,
,,,,,,
,,,,,,
,,,,,,
,,,,,,
,,,,,,
,,,,,,
,,,,,,
,,,,,,
,,,,,,
,,,,,,
,,,,,,
,,,,,,
,,,,,,
,,,,,,
,,,,,,
,,,,,,
,,,,,,
,,,,,,
,,,,,,
,,,,,,
,,,,,,
,,,,,,
,,,,,,
,,,,,,
,,,,,,
,,,,,,
,,,,,,
,,,,,,
,,,,,,
,,,,,,
,,,,,,
,,,,,,
,,,,,,
,,,,,,
,,,,,,
,,,,,,
,,,,,,
,,,,,,
,,,,,,
,,,,,,
,,,,,,
,,,,,,
,,,,,,
,,,,,,
,,,,,,
,,,,,,
,,,,,,
,,,,,,
,,,,,,
,,,,,,
,,,,,,
,,,,,,
,,,,,,
,,,,,,
,,,,,,
,,,,,,
,,,,,,
,,,,,,
,,,,,,
,,,,,,
,,,,,,
,,,,,,
,,,,,,
,,,,,,
,,,,,,
,,,,,,
,,,,,,
,,,,,,
,,,,,,
,,,,,,
,,,,,,
,,,,,,
,,,,,,
,,,,,,
,,,,,,
,,,,,,
,,,,,,
,,,,,,
,,,,,,
,,,,,,
,,,,,,
,,,,,,
,,,,,,
,,,,,,
,,,,,,
