Altitude,Mach,CL,CD Total,LOD
0,0.2,0,0.023786736,0
0,0.2,0.101569024,0.023089983,4.398834941
0,0.2,0.203138048,0.023318731,8.711368041
0,0.2,0.304707071,0.024496909,12.4385926
0,0.2,0.406276095,0.026658813,15.23984189
0,0.2,0.507845119,0.029845567,17.01576382
0,0.2,0.609414143,0.034120312,17.86074357
0,0.2,0.710983166,0.039549597,17.97700154
0,0.2,0.81255219,0.046198725,17.58819513
0,0.2,0.914121214,0.054131486,16.88705191
0,0.2,1.218828285,0.086241109,14.1327993
0,0.2,1.439390485,0.117918261,12.20668006
0,0.3,0,0.023154824,0
0,0.3,0.101569024,0.022459172,4.522385064
0,0.3,0.203138048,0.02268442,8.954958866
0,0.3,0.304707071,0.023852652,12.77455735
0,0.3,0.406276095,0.025996348,15.62819881
0,0.3,0.507845119,0.02915318,17.41988761
0,0.3,0.609414143,0.033381916,18.2558168
0,0.3,0.710983166,0.038745652,18.35001166
0,0.3,0.81255219,0.045306356,17.93461805
0,0.3,0.914121214,0.053124619,17.20711096
0,0.3,1.218828285,0.084704899,14.38911207
0,0.3,1.439390485,0.115795217,12.43048307
0,0.4,0,0.022231334,0
0,0.4,0.101569024,0.021537371,4.715943464
0,0.4,0.203138048,0.021757909,9.336285394
0,0.4,0.304707071,0.022912495,13.29872941
0,0.4,0.406276095,0.025031115,16.23084289
0,0.4,0.507845119,0.028147054,18.0425674
0,0.4,0.609414143,0.032312843,18.85981196
0,0.4,0.710983166,0.037586811,18.91576186
0,0.4,0.81255219,0.044026314,18.45605767
0,0.4,0.914121214,0.051687514,17.6855326
0,0.4,1.218828285,0.082540485,14.76642989
0,0.4,1.439390485,0.112822932,12.75796028
0,0.5,0,0.021494614,0
0,0.5,0.101569024,0.020803106,4.882397081
0,0.5,0.203138048,0.021017953,9.664977745
0,0.5,0.304707071,0.02215552,13.7530995
0,0.5,0.406276095,0.02424266,16.75872594
0,0.5,0.507845119,0.02730777,18.59709229
0,0.5,0.609414143,0.031395265,19.41102083
0,0.5,0.710983166,0.036557411,19.44840038
0,0.5,0.81255219,0.04284574,18.96459695
0,0.5,0.914121214,0.050310807,18.16948025
0,0.5,1.218828285,0.080253466,15.18723546
0,0.5,1.439390485,0.109522026,13.14247497
0,0.6,0,0.021065588,0
0,0.6,0.101569024,0.020377799,4.984298059
0,0.6,0.203138048,0.020586645,9.86746738
0,0.6,0.304707071,0.021704731,14.0387398
0,0.6,0.406276095,0.023755204,17.10261444
0,0.6,0.507845119,0.026761516,18.97669471
0,0.6,0.609414143,0.030758337,19.81297438
0,0.6,0.710983166,0.035790479,19.8651481
0,0.6,0.81255219,0.041902541,19.39147771
0,0.6,0.914121214,0.049138364,18.60300465
0,0.6,1.218828285,0.078012593,15.62348126
0,0.6,1.439390485,0.106263562,13.54547559
0,0.7,0,0.02087165,0
0,0.7,0.101569024,0.020190096,5.030636011
0,0.7,0.203138048,0.020394399,9.960482189
0,0.7,0.304707071,0.021492913,14.17709507
0,0.7,0.406276095,0.023504588,17.28496985
0,0.7,0.507845119,0.026468235,19.18696577
0,0.7,0.609414143,0.03049456,19.984356
0,0.7,0.710983166,0.035610294,19.96566403
0,0.7,0.81255219,0.041852114,19.41484222
0,0.7,0.914121214,0.04925617,18.55851184
0,0.7,1.218828285,0.078747021,15.47777007
0,0.7,1.439390485,0.107197247,13.42749488
0,0.75,0,0.021739868,0
0,0.75,0.101569024,0.021062365,4.82229911
0,0.75,0.203138048,0.021264869,9.552753323
0,0.75,0.304707071,0.022353476,13.63130598
0,0.75,0.406276095,0.024344881,16.68835822
0,0.75,0.507845119,0.027402896,18.53253463
0,0.75,0.609414143,0.03177258,19.18050542
0,0.75,0.710983166,0.037197359,19.11380768
0,0.75,0.81255219,0.043736895,18.57818645
0,0.75,0.914121214,0.051419352,17.77776612
0,0.75,1.218828285,0.081272885,14.9967395
0,0.75,1.439390485,0.109477211,13.1478549
0,0.775,0,0.022623466,0
0,0.775,0.101569024,0.022085559,4.598888532
0,0.775,0.203138048,0.022287588,9.11440251
0,0.775,0.304707071,0.023371477,13.0375616
0,0.775,0.406276095,0.025352723,16.02494908
0,0.775,0.507845119,0.028451393,17.84956958
0,0.775,0.609414143,0.033031185,18.44966031
0,0.775,0.710983166,0.038701375,18.37100532
0,0.775,0.81255219,0.045443478,17.8805018
0,0.775,0.914121214,0.053212166,17.17880107
0,0.775,1.218828285,0.083151921,14.65784879
0,0.775,1.439390485,0.111150327,12.94994377
0,0.8,0,0.0241394,0
0,0.8,0.101569024,0.023616025,4.300851816
0,0.8,0.203138048,0.023838059,8.521585084
0,0.8,0.304707071,0.024945952,12.21469002
0,0.8,0.406276095,0.026953164,15.07341012
0,0.8,0.507845119,0.030201553,16.81519884
0,0.8,0.609414143,0.035096458,17.36397852
0,0.8,0.710983166,0.040985519,17.34717977
0,0.8,0.81255219,0.04790544,16.96158495
0,0.8,0.914121214,0.055855844,16.36572198
0,0.8,1.218828285,0.08591967,14.18567233
0,0.8,1.439390485,0.113814321,12.64683102
0,0.825,0,0.026539877,0
0,0.825,0.101569024,0.026038356,3.900746422
0,0.825,0.203138048,0.026308542,7.721372321
0,0.825,0.304707071,0.027488294,11.0849757
0,0.825,0.406276095,0.029589466,13.73043011
0,0.825,0.507845119,0.033035239,15.37283018
0,0.825,0.609414143,0.038312807,15.90627758
0,0.825,0.710983166,0.044555137,15.95737807
0,0.825,0.81255219,0.051751295,15.70109869
0,0.825,0.914121214,0.059968667,15.24331388
0,0.825,1.218828285,0.090860979,13.41421035
0,0.825,1.439390485,0.119178589,12.07759294
10000,0.2,0,0.024625674,0
10000,0.2,0.101569024,0.02392892,4.244613798
10000,0.2,0.203138048,0.024157669,8.408843088
10000,0.2,0.304707071,0.025335847,12.02671736
10000,0.2,0.406276095,0.02749775,14.77488504
10000,0.2,0.507845119,0.030684505,16.55053973
10000,0.2,0.609414143,0.03495925,17.43212864
10000,0.2,0.710983166,0.040388535,17.60358889
10000,0.2,0.81255219,0.047037663,17.27450171
10000,0.2,0.914121214,0.054970423,16.62932836
10000,0.2,1.218828285,0.087080046,13.99664264
10000,0.2,1.439390485,0.118757199,12.12044825
10000,0.3,0,0.023349797,0
10000,0.3,0.101569024,0.022654145,4.483463137
10000,0.3,0.203138048,0.022879393,8.878646737
10000,0.3,0.304707071,0.024047626,12.67098345
10000,0.3,0.406276095,0.026191321,15.51185963
10000,0.3,0.507845119,0.029348153,17.30415945
10000,0.3,0.609414143,0.033576889,18.14980962
10000,0.3,0.710983166,0.038940625,18.25813443
10000,0.3,0.81255219,0.045501329,17.85776829
10000,0.3,0.914121214,0.053319592,17.14418996
10000,0.3,1.218828285,0.084899872,14.3560674
10000,0.3,1.439390485,0.115990191,12.40958802
10000,0.4,0,0.023013326,0
10000,0.4,0.101569024,0.022319362,4.550713591
10000,0.4,0.203138048,0.0225399,9.012375743
10000,0.4,0.304707071,0.023694487,12.85982984
10000,0.4,0.406276095,0.025813107,15.73913962
10000,0.4,0.507845119,0.028929046,17.55485193
10000,0.4,0.609414143,0.033094835,18.4141768
10000,0.4,0.710983166,0.038368803,18.53024099
10000,0.4,0.81255219,0.044808306,18.1339636
10000,0.4,0.914121214,0.052469505,17.42195231
10000,0.4,1.218828285,0.083322476,14.62784525
10000,0.4,1.439390485,0.113604924,12.6701417
10000,0.5,0,0.022236605,0
10000,0.5,0.101569024,0.021545097,4.714252342
10000,0.5,0.203138048,0.021759945,9.335411831
10000,0.5,0.304707071,0.022897512,13.30743144
10000,0.5,0.406276095,0.024984652,16.26102677
10000,0.5,0.507845119,0.028049762,18.10514895
10000,0.5,0.609414143,0.032137257,18.96285495
10000,0.5,0.710983166,0.037299402,19.06151648
10000,0.5,0.81255219,0.043587732,18.64176347
10000,0.5,0.914121214,0.051052799,17.90540836
10000,0.5,1.218828285,0.080995458,15.04810659
10000,0.5,1.439390485,0.110264017,13.05403634
10000,0.6,0,0.021571662,0
10000,0.6,0.101569024,0.020883873,4.863514732
10000,0.6,0.203138048,0.02109272,9.630718466
10000,0.6,0.304707071,0.022210806,13.71886599
10000,0.6,0.406276095,0.024261279,16.74586468
10000,0.6,0.507845119,0.027267591,18.62449525
10000,0.6,0.609414143,0.031264412,19.49226306
10000,0.6,0.710983166,0.036296554,19.58817264
10000,0.6,0.81255219,0.042408616,19.16007327
10000,0.6,0.914121214,0.049644439,18.41336577
10000,0.6,1.218828285,0.078518668,15.52278351
10000,0.6,1.439390485,0.106769637,13.48127169
10000,0.7,0,0.020999596,0
10000,0.7,0.101569024,0.020318042,4.998957281
10000,0.7,0.203138048,0.020522345,9.898383835
10000,0.7,0.304707071,0.021620858,14.09319977
10000,0.7,0.406276095,0.023632533,17.19139015
10000,0.7,0.507845119,0.02659618,19.09466393
10000,0.7,0.609414143,0.030622505,19.90085863
10000,0.7,0.710983166,0.03573824,19.89418522
10000,0.7,0.81255219,0.04198006,19.35567005
10000,0.7,0.914121214,0.049384116,18.51042983
10000,0.7,1.218828285,0.078874967,15.45266301
10000,0.7,1.439390485,0.107325193,13.41148751
10000,0.75,0,0.021796922,0
10000,0.75,0.101569024,0.021119419,4.809271694
10000,0.75,0.203138048,0.021321923,9.527191708
10000,0.75,0.304707071,0.022410529,13.59660323
10000,0.75,0.406276095,0.024401934,16.64933997
10000,0.75,0.507845119,0.02745995,18.49402927
10000,0.75,0.609414143,0.031829634,19.14612474
10000,0.75,0.710983166,0.037254413,19.08453546
10000,0.75,0.81255219,0.043793949,18.55398311
10000,0.75,0.914121214,0.051476406,17.75806209
10000,0.75,1.218828285,0.081329939,14.9862191
10000,0.75,1.439390485,0.109534265,13.14100647
10000,0.775,0,0.022647431,0
10000,0.775,0.101569024,0.022109524,4.593903695
10000,0.775,0.203138048,0.022311553,9.104612664
10000,0.775,0.304707071,0.023395441,13.02420719
10000,0.775,0.406276095,0.025376687,16.00981621
10000,0.775,0.507845119,0.028475358,17.8345473
10000,0.775,0.609414143,0.03305515,18.4362843
10000,0.775,0.710983166,0.03872534,18.35963651
10000,0.775,0.81255219,0.045467443,17.87107733
10000,0.775,0.914121214,0.05323613,17.17106811
10000,0.775,1.218828285,0.083175885,14.65362569
10000,0.775,1.439390485,0.111174291,12.94715237
10000,0.8,0,0.024142113,0
10000,0.8,0.101569024,0.023618738,4.300357792
10000,0.8,0.203138048,0.023840772,8.520615356
10000,0.8,0.304707071,0.024948665,12.21336176
10000,0.8,0.406276095,0.026955877,15.07189304
10000,0.8,0.507845119,0.030204266,16.81368847
10000,0.8,0.609414143,0.035099171,17.36263637
10000,0.8,0.710983166,0.040988232,17.34603156
10000,0.8,0.81255219,0.047908153,16.96062443
10000,0.8,0.914121214,0.055858557,16.36492711
10000,0.8,1.218828285,0.085922383,14.18522441
10000,0.8,1.439390485,0.113817034,12.64652956
10000,0.825,0,0.026542526,0
10000,0.825,0.101569024,0.026041005,3.900349622
10000,0.825,0.203138048,0.026311191,7.720594936
10000,0.825,0.304707071,0.027490943,11.08390756
10000,0.825,0.406276095,0.029592116,13.72920054
10000,0.825,0.507845119,0.033037889,15.37159711
10000,0.825,0.609414143,0.038315456,15.90517787
10000,0.825,0.710983166,0.044557786,15.95642939
10000,0.825,0.81255219,0.051753945,15.70029473
10000,0.825,0.914121214,0.059971317,15.24264031
10000,0.825,1.218828285,0.090863628,13.41381928
10000,0.825,1.439390485,0.119181239,12.07732439
20000,0.2,0,0.025597481,0
20000,0.2,0.101569024,0.024900728,4.078958013
20000,0.2,0.203138048,0.025129476,8.08365634
20000,0.2,0.304707071,0.026307654,11.58244939
20000,0.2,0.406276095,0.028469558,14.27054452
20000,0.2,0.507845119,0.031656312,16.04246
20000,0.2,0.609414143,0.035931058,16.96065123
20000,0.2,0.710983166,0.041360342,17.18997309
20000,0.2,0.81255219,0.04800947,16.9248315
20000,0.2,0.914121214,0.055942231,16.34044974
20000,0.2,1.218828285,0.088051854,13.84216492
20000,0.2,1.439390485,0.119729006,12.02206995
20000,0.3,0,0.024218673,0
20000,0.3,0.101569024,0.023523021,4.317856282
20000,0.3,0.203138048,0.023748269,8.553804406
20000,0.3,0.304707071,0.024916501,12.22912764
20000,0.3,0.406276095,0.027060197,15.01378926
20000,0.3,0.507845119,0.030217029,16.80658674
20000,0.3,0.609414143,0.034445765,17.69199038
20000,0.3,0.710983166,0.039809501,17.85963522
20000,0.3,0.81255219,0.046370205,17.52315285
20000,0.3,0.914121214,0.054188468,16.86929429
20000,0.3,1.218828285,0.085768748,14.21063398
20000,0.3,1.439390485,0.116859066,12.31731978
20000,0.4,0,0.023264223,0
20000,0.4,0.101569024,0.022570259,4.500126649
20000,0.4,0.203138048,0.022790798,8.913160829
20000,0.4,0.304707071,0.023945384,12.72508601
20000,0.4,0.406276095,0.026064004,15.5876317
20000,0.4,0.507845119,0.029179943,17.40391059
20000,0.4,0.609414143,0.033345732,18.27562649
20000,0.4,0.710983166,0.0386197,18.4098573
20000,0.4,0.81255219,0.045059203,18.03299073
20000,0.4,0.914121214,0.052720403,17.33904071
20000,0.4,1.218828285,0.083573373,14.58393076
20000,0.4,1.439390485,0.113855821,12.6422213
20000,0.5,0,0.022514276,0
20000,0.5,0.101569024,0.021822769,4.654268393
20000,0.5,0.203138048,0.022037616,9.217786897
20000,0.5,0.304707071,0.023175183,13.14798986
20000,0.5,0.406276095,0.025262323,16.08229358
20000,0.5,0.507845119,0.028327433,17.92767876
20000,0.5,0.609414143,0.032414928,18.80041637
20000,0.5,0.710983166,0.037577073,18.92066383
20000,0.5,0.81255219,0.043865403,18.52375983
20000,0.5,0.914121214,0.05133047,17.80854946
20000,0.5,1.218828285,0.081273129,14.99669448
20000,0.5,1.439390485,0.110541688,13.02124575
20000,0.6,0,0.022377399,0
20000,0.6,0.101569024,0.02168961,4.682842338
20000,0.6,0.203138048,0.021898456,9.276363959
20000,0.6,0.304707071,0.023016542,13.23861208
20000,0.6,0.406276095,0.025067015,16.20759771
20000,0.6,0.507845119,0.028073328,18.08995068
20000,0.6,0.609414143,0.032070148,19.00253603
20000,0.6,0.710983166,0.037102291,19.1627834
20000,0.6,0.81255219,0.043214352,18.80283175
20000,0.6,0.914121214,0.050450176,18.11928692
20000,0.6,1.218828285,0.079324405,15.36511096
20000,0.6,1.439390485,0.107575373,13.38029741
20000,0.7,0,0.021759508,0
20000,0.7,0.101569024,0.021077954,4.818732596
20000,0.7,0.203138048,0.021282257,9.544948546
20000,0.7,0.304707071,0.02238077,13.6146822
20000,0.7,0.406276095,0.024392445,16.65581679
20000,0.7,0.507845119,0.027356092,18.56424225
20000,0.7,0.609414143,0.031382417,19.41896773
20000,0.7,0.710983166,0.036498152,19.47997712
20000,0.7,0.81255219,0.042739972,19.01152837
20000,0.7,0.914121214,0.050144028,18.22991192
20000,0.7,1.218828285,0.079634879,15.30520672
20000,0.7,1.439390485,0.108085105,13.3171956
20000,0.75,0,0.022444196,0
20000,0.75,0.101569024,0.021766693,4.666258857
20000,0.75,0.203138048,0.021969197,9.246493989
20000,0.75,0.304707071,0.023057803,13.21492212
20000,0.75,0.406276095,0.025049208,16.21911938
20000,0.75,0.507845119,0.028107224,18.06813505
20000,0.75,0.609414143,0.032476908,18.76453704
20000,0.75,0.710983166,0.037901687,18.75861531
20000,0.75,0.81255219,0.044441223,18.28374953
20000,0.75,0.914121214,0.05212368,17.53754175
20000,0.75,1.218828285,0.081977213,14.86789122
20000,0.75,1.439390485,0.110181539,13.06380813
20000,0.775,0,0.023241942,0
20000,0.775,0.101569024,0.022704035,4.473611144
20000,0.775,0.203138048,0.022906065,8.868308372
20000,0.775,0.304707071,0.023989953,12.7014451
20000,0.775,0.406276095,0.025971199,15.64333225
20000,0.775,0.507845119,0.02906987,17.46981046
20000,0.775,0.609414143,0.033649661,18.11055817
20000,0.775,0.710983166,0.039319852,18.08204075
20000,0.775,0.81255219,0.046061955,17.64041908
20000,0.775,0.914121214,0.053830642,16.98142879
20000,0.775,1.218828285,0.083770397,14.54963004
20000,0.775,1.439390485,0.111768803,12.87828487
20000,0.8,0,0.024673876,0
20000,0.8,0.101569024,0.024150501,4.205669439
20000,0.8,0.203138048,0.024372535,8.33471151
20000,0.8,0.304707071,0.025480428,11.95847538
20000,0.8,0.406276095,0.02748764,14.78031926
20000,0.8,0.507845119,0.030736029,16.52279541
20000,0.8,0.609414143,0.035630934,17.103513
20000,0.8,0.710983166,0.041519995,17.12387408
20000,0.8,0.81255219,0.048439916,16.77443433
20000,0.8,0.914121214,0.056390321,16.2106049
20000,0.8,1.218828285,0.086454147,14.09797363
20000,0.8,1.439390485,0.114348797,12.58771865
20000,0.825,0,0.026994507,0
20000,0.825,0.101569024,0.026492986,3.833808088
20000,0.825,0.203138048,0.026763172,7.590208216
20000,0.825,0.304707071,0.027942924,10.90462369
20000,0.825,0.406276095,0.030044097,13.52265954
20000,0.825,0.507845119,0.03348987,15.16414125
20000,0.825,0.609414143,0.038767437,15.71974291
20000,0.825,0.710983166,0.045009767,15.79619743
20000,0.825,0.81255219,0.052205926,15.56436696
20000,0.825,0.914121214,0.060423298,15.12862165
20000,0.825,1.218828285,0.091315609,13.34742547
20000,0.825,1.439390485,0.11963322,12.03169559
25000,0.2,0,0.026475234,0
25000,0.2,0.101569024,0.025670817,3.956594915
25000,0.2,0.203138048,0.025812863,7.869644216
25000,0.2,0.304707071,0.026925302,11.31675593
25000,0.2,0.406276095,0.029042429,13.98905357
25000,0.2,0.507845119,0.03220537,15.76895775
25000,0.2,0.609414143,0.036477264,16.70668455
25000,0.2,0.710983166,0.04192466,16.9585911
25000,0.2,0.81255219,0.048612862,16.7147573
25000,0.2,0.914121214,0.056605659,16.14893688
25000,0.2,1.218828285,0.089021168,13.69144342
25000,0.2,1.439390485,0.121037444,11.89210907
25000,0.3,0,0.024707519,0
25000,0.3,0.101569024,0.024011866,4.229951308
25000,0.3,0.203138048,0.024237115,8.381280033
25000,0.3,0.304707071,0.025405347,11.99381654
25000,0.3,0.406276095,0.027549043,14.74737598
25000,0.3,0.507845119,0.030705875,16.53902125
25000,0.3,0.609414143,0.034934611,17.44442333
25000,0.3,0.710983166,0.040298346,17.64298629
25000,0.3,0.81255219,0.04685905,17.34034706
25000,0.3,0.914121214,0.054677314,16.7184733
25000,0.3,1.218828285,0.086257593,14.13009849
25000,0.3,1.439390485,0.117347912,12.26600849
25000,0.4,0,0.023713688,0
25000,0.4,0.101569024,0.023019724,4.41226072
25000,0.4,0.203138048,0.023240263,8.740780946
25000,0.4,0.304707071,0.024394849,12.49063157
25000,0.4,0.406276095,0.026513469,15.32338507
25000,0.4,0.507845119,0.029629408,17.13990097
25000,0.4,0.609414143,0.033795197,18.03256667
25000,0.4,0.710983166,0.039069165,18.19806402
25000,0.4,0.81255219,0.045508668,17.85488844
25000,0.4,0.914121214,0.053169868,17.19246724
25000,0.4,1.218828285,0.084022838,14.50591665
25000,0.4,1.439390485,0.114305286,12.59251024
25000,0.5,0,0.022932563,0
25000,0.5,0.101569024,0.022241055,4.566735886
25000,0.5,0.203138048,0.022455902,9.046087216
25000,0.5,0.304707071,0.023593469,12.9148906
25000,0.5,0.406276095,0.02568061,15.82034442
25000,0.5,0.507845119,0.028745719,17.66680872
25000,0.5,0.609414143,0.032833215,18.56090374
25000,0.5,0.710983166,0.03799536,18.71236819
25000,0.5,0.81255219,0.04428369,18.34879139
25000,0.5,0.914121214,0.051748757,17.66460234
25000,0.5,1.218828285,0.081691415,14.91990664
25000,0.5,1.439390485,0.110959975,12.97215942
25000,0.6,0,0.022270534,0
25000,0.6,0.101569024,0.021582745,4.706029006
25000,0.6,0.203138048,0.021791591,9.321854838
25000,0.6,0.304707071,0.022909677,13.30036521
25000,0.6,0.406276095,0.02496015,16.27698932
25000,0.6,0.507845119,0.027966463,18.15907571
25000,0.6,0.609414143,0.031963283,19.06606849
25000,0.6,0.710983166,0.036995426,19.21813702
25000,0.6,0.81255219,0.043107487,18.84944465
25000,0.6,0.914121214,0.050343311,18.15774918
25000,0.6,1.218828285,0.079217539,15.3858388
25000,0.6,1.439390485,0.107468508,13.39360257
25000,0.7,0,0.022187098,0
25000,0.7,0.101569024,0.021505543,4.722923016
25000,0.7,0.203138048,0.021709846,9.356954812
25000,0.7,0.304707071,0.02280836,13.35944676
25000,0.7,0.406276095,0.024820035,16.3688768
25000,0.7,0.507845119,0.027783682,18.27853914
25000,0.7,0.609414143,0.031810007,19.15793804
25000,0.7,0.710983166,0.036925741,19.25440483
25000,0.7,0.81255219,0.043167561,18.82321288
25000,0.7,0.914121214,0.050571617,18.07577586
25000,0.7,1.218828285,0.080062468,15.22346632
25000,0.7,1.439390485,0.108512694,13.26471984
25000,0.75,0,0.022863348,0
25000,0.75,0.101569024,0.022185845,4.578100316
25000,0.75,0.203138048,0.022388349,9.073382231
25000,0.75,0.304707071,0.023476956,12.97898548
25000,0.75,0.406276095,0.025468361,15.95218848
25000,0.75,0.507845119,0.028526376,17.8026511
25000,0.75,0.609414143,0.03289606,18.52544478
25000,0.75,0.710983166,0.038320839,18.55343423
25000,0.75,0.81255219,0.044860375,18.11291569
25000,0.75,0.914121214,0.052542832,17.39763883
25000,0.75,1.218828285,0.082396365,14.79225795
25000,0.75,1.439390485,0.110600691,13.01429921
25000,0.775,0,0.023656963,0
25000,0.775,0.101569024,0.023119056,4.393303256
25000,0.775,0.203138048,0.023321085,8.710488727
25000,0.775,0.304707071,0.024404974,12.48544952
25000,0.775,0.406276095,0.026386219,15.39728352
25000,0.775,0.507845119,0.02948489,17.22391093
25000,0.775,0.609414143,0.034064682,17.8899114
25000,0.775,0.710983166,0.039734872,17.89317872
25000,0.775,0.81255219,0.046476975,17.4828975
25000,0.775,0.914121214,0.054245662,16.85150813
25000,0.775,1.218828285,0.084185417,14.47790281
25000,0.775,1.439390485,0.112183823,12.83064212
25000,0.8,0,0.025083015,0
25000,0.8,0.101569024,0.02455964,4.135607199
25000,0.8,0.203138048,0.024781674,8.197107588
25000,0.8,0.304707071,0.025889567,11.76949275
25000,0.8,0.406276095,0.027896779,14.56354854
25000,0.8,0.507845119,0.031145168,16.30574345
25000,0.8,0.609414143,0.036040073,16.90934819
25000,0.8,0.710983166,0.041929134,16.95678155
25000,0.8,0.81255219,0.048849055,16.63393877
25000,0.8,0.914121214,0.05679946,16.09383635
25000,0.8,1.218828285,0.086863286,14.03157008
25000,0.8,1.439390485,0.114757936,12.54284048
25000,0.825,0,0.027397887,0
25000,0.825,0.101569024,0.026896366,3.776310302
25000,0.825,0.203138048,0.027166552,7.477505721
25000,0.825,0.304707071,0.028346304,10.74944624
25000,0.825,0.406276095,0.030447477,13.3435061
25000,0.825,0.507845119,0.03389325,14.98366545
25000,0.825,0.609414143,0.039170817,15.55786143
25000,0.825,0.710983166,0.045413147,15.6558885
25000,0.825,0.81255219,0.052609305,15.44502802
25000,0.825,0.914121214,0.060826678,15.02829423
25000,0.825,1.218828285,0.091718989,13.28872351
25000,0.825,1.439390485,0.120036599,11.99126347
30000,0.2,0,0.027317545,0
30000,0.2,0.101569024,0.026431609,3.842710597
30000,0.2,0.203138048,0.026508009,7.663270674
30000,0.2,0.304707071,0.027570673,11.05185466
30000,0.2,0.406276095,0.029653897,13.70059709
30000,0.2,0.507845119,0.032798807,15.48364607
30000,0.2,0.609414143,0.037068542,16.44019727
30000,0.2,0.710983166,0.042529651,16.71735247
30000,0.2,0.81255219,0.049247439,16.49937959
30000,0.2,0.914121214,0.057285693,15.9572341
30000,0.2,1.218828285,0.089932804,13.55265521
30000,0.2,1.439390485,0.122205848,11.77840921
30000,0.3,0,0.025238033,0
30000,0.3,0.101569024,0.024542381,4.138515493
30000,0.3,0.203138048,0.02476763,8.201755598
30000,0.3,0.304707071,0.025935862,11.74848443
30000,0.3,0.406276095,0.028079557,14.46875017
30000,0.3,0.507845119,0.031236389,16.25812507
30000,0.3,0.609414143,0.035465126,17.18347604
30000,0.3,0.710983166,0.040828861,17.4137399
30000,0.3,0.81255219,0.047389565,17.14622597
30000,0.3,0.914121214,0.055207828,16.55781883
30000,0.3,1.218828285,0.086788108,14.04372457
30000,0.3,1.439390485,0.117878427,12.21080499
30000,0.4,0,0.024202542,0
30000,0.4,0.101569024,0.023508578,4.32050905
30000,0.4,0.203138048,0.023729117,8.560708264
30000,0.4,0.304707071,0.024883703,12.24524626
30000,0.4,0.406276095,0.027002323,15.04596827
30000,0.4,0.507845119,0.030118262,16.86170069
30000,0.4,0.609414143,0.034284051,17.7754415
30000,0.4,0.710983166,0.039558019,17.97317419
30000,0.4,0.81255219,0.045997522,17.66512966
30000,0.4,0.914121214,0.053658722,17.03583649
30000,0.4,1.218828285,0.084511692,14.42200784
30000,0.4,1.439390485,0.11479414,12.53888469
30000,0.5,0,0.023388649,0
30000,0.5,0.101569024,0.022697141,4.474969953
30000,0.5,0.203138048,0.022911988,8.866015817
30000,0.5,0.304707071,0.024049555,12.66996712
30000,0.5,0.406276095,0.026136695,15.5442796
30000,0.5,0.507845119,0.029201805,17.39088111
30000,0.5,0.609414143,0.0332893,18.30660732
30000,0.5,0.710983166,0.038451446,18.49041427
30000,0.5,0.81255219,0.044739775,18.16174064
30000,0.5,0.914121214,0.052204842,17.51027642
30000,0.5,1.218828285,0.082147501,14.83707076
30000,0.5,1.439390485,0.111416061,12.91905738
30000,0.6,0,0.022699041,0
30000,0.6,0.101569024,0.022011251,4.614413965
30000,0.6,0.203138048,0.022220098,9.142086052
30000,0.6,0.304707071,0.023338184,13.05616028
30000,0.6,0.406276095,0.025388657,16.00226806
30000,0.6,0.507845119,0.028394969,17.88503868
30000,0.6,0.609414143,0.03239179,18.81384582
30000,0.6,0.710983166,0.037423932,18.99808834
30000,0.6,0.81255219,0.043535994,18.66391726
30000,0.6,0.914121214,0.050771817,18.00450069
30000,0.6,1.218828285,0.079646046,15.30306081
30000,0.6,1.439390485,0.107897015,13.34041062
30000,0.7,0,0.022096709,0
30000,0.7,0.101569024,0.021415155,4.74285729
30000,0.7,0.203138048,0.021619457,9.396075396
30000,0.7,0.304707071,0.022717971,13.41260058
30000,0.7,0.406276095,0.024729646,16.42870646
30000,0.7,0.507845119,0.027693293,18.33819904
30000,0.7,0.609414143,0.031719618,19.21253096
30000,0.7,0.710983166,0.036835353,19.30165203
30000,0.7,0.81255219,0.043077173,18.86270926
30000,0.7,0.914121214,0.050481229,18.10814103
30000,0.7,1.218828285,0.079972079,15.24067275
30000,0.7,1.439390485,0.108422306,13.27577819
30000,0.75,0,0.023313668,0
30000,0.75,0.101569024,0.022636165,4.48702437
30000,0.75,0.203138048,0.02283867,8.894478006
30000,0.75,0.304707071,0.023927276,12.73471627
30000,0.75,0.406276095,0.025918681,15.67502972
30000,0.75,0.507845119,0.028976696,17.52598429
30000,0.75,0.609414143,0.03334638,18.27527135
30000,0.75,0.710983166,0.038771159,18.33793945
30000,0.75,0.81255219,0.045310695,17.93290061
30000,0.75,0.914121214,0.052993152,17.24979888
30000,0.75,1.218828285,0.082846685,14.71185341
30000,0.75,1.439390485,0.111051011,12.96152527
30000,0.775,0,0.024102817,0
30000,0.775,0.101569024,0.02356491,4.310180858
30000,0.775,0.203138048,0.023766939,8.547085007
30000,0.775,0.304707071,0.024850827,12.26144591
30000,0.775,0.406276095,0.026832073,15.14143521
30000,0.775,0.507845119,0.029930744,16.9673403
30000,0.775,0.609414143,0.034510536,17.65878522
30000,0.775,0.710983166,0.040180726,17.69463215
30000,0.775,0.81255219,0.046922829,17.31677751
30000,0.775,0.914121214,0.054691516,16.71413193
30000,0.775,1.218828285,0.084631271,14.4016304
30000,0.775,1.439390485,0.112629677,12.77985095
30000,0.8,0,0.025522521,0
30000,0.8,0.101569024,0.024999146,4.062899749
30000,0.8,0.203138048,0.025221181,8.054263914
30000,0.8,0.304707071,0.026329073,11.57302693
30000,0.8,0.406276095,0.028336285,14.33766265
30000,0.8,0.507845119,0.031584674,16.07884631
30000,0.8,0.609414143,0.036479579,16.70562434
30000,0.8,0.710983166,0.04236864,16.78088242
30000,0.8,0.81255219,0.049288562,16.48561364
30000,0.8,0.914121214,0.057238966,15.97026078
30000,0.8,1.218828285,0.087302792,13.96093134
30000,0.8,1.439390485,0.115197442,12.49498652
30000,0.825,0,0.027831178,0
30000,0.825,0.101569024,0.027329657,3.716439764
30000,0.825,0.203138048,0.027599843,7.36011607
30000,0.825,0.304707071,0.028779595,10.58760803
30000,0.825,0.406276095,0.030880768,13.15628209
30000,0.825,0.507845119,0.034326541,14.79453228
30000,0.825,0.609414143,0.039604108,15.38764976
30000,0.825,0.710983166,0.045846438,15.50792596
30000,0.825,0.81255219,0.053042597,15.31886137
30000,0.825,0.914121214,0.061259969,14.92199929
30000,0.825,1.218828285,0.09215228,13.22624123
30000,0.825,1.439390485,0.120469891,11.9481347
35000,0.2,0,0.028237387,0
35000,0.2,0.101569024,0.027261375,3.725748389
35000,0.2,0.203138048,0.027265237,7.450441307
35000,0.2,0.304707071,0.028272901,10.77735429
35000,0.2,0.406276095,0.030318664,13.40019781
35000,0.2,0.507845119,0.03344365,15.18509849
35000,0.2,0.609414143,0.037711,16.16011623
35000,0.2,0.710983166,0.043187261,16.46279828
35000,0.2,0.81255219,0.049937739,16.27130515
35000,0.2,0.914121214,0.058026222,15.75358833
35000,0.2,1.218828285,0.09092925,13.40413877
35000,0.2,1.439390485,0.123486018,11.65630335
35000,0.3,0,0.025815205,0
35000,0.3,0.101569024,0.025119553,4.043424817
35000,0.3,0.203138048,0.025344801,8.014979009
35000,0.3,0.304707071,0.026513033,11.49272778
35000,0.3,0.406276095,0.028656729,14.17733667
35000,0.3,0.507845119,0.031813561,15.96316486
35000,0.3,0.609414143,0.036042297,16.90830479
35000,0.3,0.710983166,0.041406033,17.17100419
35000,0.3,0.81255219,0.047966737,16.93990963
35000,0.3,0.914121214,0.055785,16.38650558
35000,0.3,1.218828285,0.087365279,13.95094595
35000,0.3,1.439390485,0.118455598,12.15130825
35000,0.4,0,0.024735322,0
35000,0.4,0.101569024,0.024041359,4.224762169
35000,0.4,0.203138048,0.024261897,8.372719083
35000,0.4,0.304707071,0.025416484,11.98856109
35000,0.4,0.406276095,0.027535103,14.75484203
35000,0.4,0.507845119,0.030651042,16.56860863
35000,0.4,0.609414143,0.034816831,17.50343513
35000,0.4,0.710983166,0.040090799,17.73432268
35000,0.4,0.81255219,0.046530302,17.46286087
35000,0.4,0.914121214,0.054191502,16.86834984
35000,0.4,1.218828285,0.085044473,14.3316578
35000,0.4,1.439390485,0.11532692,12.48095835
35000,0.5,0,0.023886729,0
35000,0.5,0.101569024,0.023195221,4.378877183
35000,0.5,0.203138048,0.023410069,8.677379293
35000,0.5,0.304707071,0.024547636,12.4128886
35000,0.5,0.406276095,0.026634776,15.25359534
35000,0.5,0.507845119,0.029699886,17.09922789
35000,0.5,0.609414143,0.033787381,18.03673812
35000,0.5,0.710983166,0.038949526,18.25396196
35000,0.5,0.81255219,0.045237856,17.96177498
35000,0.5,0.914121214,0.052702923,17.34479156
35000,0.5,1.218828285,0.082645582,14.74765203
35000,0.5,1.439390485,0.111914141,12.86156041
35000,0.6,0,0.023168054,0
35000,0.6,0.101569024,0.022480265,4.518141757
35000,0.6,0.203138048,0.022689111,8.953107418
35000,0.6,0.304707071,0.023807197,12.79894777
35000,0.6,0.406276095,0.02585767,15.71201485
35000,0.6,0.507845119,0.028863982,17.59442335
35000,0.6,0.609414143,0.032860803,18.54532109
35000,0.6,0.710983166,0.037892945,18.76294297
35000,0.6,0.81255219,0.044005007,18.46499399
35000,0.6,0.914121214,0.051240831,17.83970315
35000,0.6,1.218828285,0.080115059,15.21347298
35000,0.6,1.439390485,0.108366028,13.28267273
35000,0.7,0,0.022540296,0
35000,0.7,0.101569024,0.021858742,4.646608849
35000,0.7,0.203138048,0.022063044,9.207163255
35000,0.7,0.304707071,0.023161558,13.15572428
35000,0.7,0.406276095,0.025173233,16.13921005
35000,0.7,0.507845119,0.02813688,18.04909141
35000,0.7,0.609414143,0.032163205,18.94755647
35000,0.7,0.710983166,0.037278939,19.07197965
35000,0.7,0.81255219,0.043520759,18.67045081
35000,0.7,0.914121214,0.050924815,17.95040815
35000,0.7,1.218828285,0.080415666,15.15660251
35000,0.7,1.439390485,0.108865893,13.22168445
35000,0.75,0,0.023221501,0
35000,0.75,0.101569024,0.022543998,4.505368746
35000,0.75,0.203138048,0.022746502,8.930518108
35000,0.75,0.304707071,0.023835109,12.78395962
35000,0.75,0.406276095,0.025826514,15.73096915
35000,0.75,0.507845119,0.028884529,17.58190757
35000,0.75,0.609414143,0.033254213,18.32592288
35000,0.75,0.710983166,0.038678992,18.38163637
35000,0.75,0.81255219,0.045218528,17.96945248
35000,0.75,0.914121214,0.052900985,17.27985243
35000,0.75,1.218828285,0.082754518,14.72823858
35000,0.75,1.439390485,0.110958844,12.97229165
35000,0.775,0,0.024017722,0
35000,0.775,0.101569024,0.023479815,4.325801715
35000,0.775,0.203138048,0.023681844,8.577796898
35000,0.775,0.304707071,0.024765733,12.30357571
35000,0.775,0.406276095,0.026746978,15.1896074
35000,0.775,0.507845119,0.029845649,17.01571706
35000,0.775,0.609414143,0.034425441,17.70243533
35000,0.775,0.710983166,0.040095631,17.73218548
35000,0.775,0.81255219,0.046837734,17.34823871
35000,0.775,0.914121214,0.054606421,16.74017812
35000,0.775,1.218828285,0.084546176,14.41612551
35000,0.775,1.439390485,0.112544582,12.7895138
35000,0.8,0,0.02544673,0
35000,0.8,0.101569024,0.024923355,4.075254876
35000,0.8,0.203138048,0.025145389,8.078540682
35000,0.8,0.304707071,0.026253282,11.60643728
35000,0.8,0.406276095,0.028260494,14.37611441
35000,0.8,0.507845119,0.031508883,16.11752213
35000,0.8,0.609414143,0.036403788,16.74040468
35000,0.8,0.710983166,0.042292849,16.81095464
35000,0.8,0.81255219,0.04921277,16.51100294
35000,0.8,0.914121214,0.057163174,15.99143557
35000,0.8,1.218828285,0.087227,13.97306207
35000,0.8,1.439390485,0.115121651,12.50321267
35000,0.825,0,0.027764502,0
35000,0.825,0.101569024,0.027262981,3.725528914
35000,0.825,0.203138048,0.027533168,7.377939509
35000,0.825,0.304707071,0.028712919,10.61219415
35000,0.825,0.406276095,0.030814092,13.18474985
35000,0.825,0.507845119,0.034259865,14.82332516
35000,0.825,0.609414143,0.039537432,15.41359952
35000,0.825,0.710983166,0.045779762,15.5305125
35000,0.825,0.81255219,0.052975921,15.33814183
35000,0.825,0.914121214,0.061193293,14.93825825
35000,0.825,1.218828285,0.092085604,13.23581789
35000,0.825,1.439390485,0.120403215,11.95475125
39800,0.2,0,0.029450961,0
39800,0.2,0.101569024,0.028354405,3.582125035
39800,0.2,0.203138048,0.028261193,7.187879436
39800,0.2,0.304707071,0.029195255,10.43686966
39800,0.2,0.406276095,0.031190884,13.02547549
39800,0.2,0.507845119,0.034289208,14.8106401
39800,0.2,0.609414143,0.038553365,15.8070286
39800,0.2,0.710983166,0.044049905,16.1404018
39800,0.2,0.81255219,0.050844131,15.98123862
39800,0.2,0.914121214,0.058999833,15.49362375
39800,0.2,1.218828285,0.092245337,13.21289861
39800,0.2,1.439390485,0.125181796,11.49840097
39800,0.3,0,0.027135266,0
39800,0.3,0.101569024,0.026257641,3.868170183
39800,0.3,0.203138048,0.026336358,7.713217143
39800,0.3,0.304707071,0.027393499,11.12333518
39800,0.3,0.406276095,0.029461545,13.79004716
39800,0.3,0.507845119,0.032578167,15.58851113
39800,0.3,0.609414143,0.036802135,16.55920623
39800,0.3,0.710983166,0.042196542,16.84932301
39800,0.3,0.81255219,0.048823359,16.64269331
39800,0.3,0.914121214,0.056743175,16.10980024
39800,0.3,1.218828285,0.088840759,13.71924665
39800,0.3,1.439390485,0.120504534,11.94469982
39800,0.4,0,0.025435555,0
39800,0.4,0.101569024,0.024741592,4.105193554
39800,0.4,0.203138048,0.02496213,8.137849134
39800,0.4,0.304707071,0.026116717,11.66712765
39800,0.4,0.406276095,0.028235336,14.38892369
39800,0.4,0.507845119,0.031351275,16.19854756
39800,0.4,0.609414143,0.035517065,17.15834749
39800,0.4,0.710983166,0.040791032,17.42988915
39800,0.4,0.81255219,0.047230535,17.20395905
39800,0.4,0.914121214,0.054891735,16.65316671
39800,0.4,1.218828285,0.085744706,14.21461851
39800,0.4,1.439390485,0.116027153,12.40563478
39800,0.5,0,0.024542503,0
39800,0.5,0.101569024,0.023850996,4.258481449
39800,0.5,0.203138048,0.024065843,8.440927999
39800,0.5,0.304707071,0.02520341,12.08991446
39800,0.5,0.406276095,0.02729055,14.88706146
39800,0.5,0.507845119,0.03035566,16.72983289
39800,0.5,0.609414143,0.034443155,17.69333103
39800,0.5,0.710983166,0.0396053,17.95171772
39800,0.5,0.81255219,0.04589363,17.70511921
39800,0.5,0.914121214,0.053358697,17.1316255
39800,0.5,1.218828285,0.083301356,14.63155396
39800,0.5,1.439390485,0.112569916,12.78663551
39800,0.6,0,0.02378677,0
39800,0.6,0.101569024,0.023098981,4.397121414
39800,0.6,0.203138048,0.023307828,8.715443069
39800,0.6,0.304707071,0.024425914,12.47474592
39800,0.6,0.406276095,0.026476387,15.34484652
39800,0.6,0.507845119,0.029482699,17.22519092
39800,0.6,0.609414143,0.033479519,18.20259553
39800,0.6,0.710983166,0.038511662,18.46150306
39800,0.6,0.81255219,0.044623723,18.20897351
39800,0.6,0.914121214,0.051859547,17.62686462
39800,0.6,1.218828285,0.080733776,15.09688194
39800,0.6,1.439390485,0.108984745,13.2072657
39800,0.7,0,0.023126716,0
39800,0.7,0.101569024,0.022445161,4.525208084
39800,0.7,0.203138048,0.022649464,8.968779482
39800,0.7,0.304707071,0.023747978,12.83086379
39800,0.7,0.406276095,0.025759653,15.77179999
39800,0.7,0.507845119,0.0287233,17.68059795
39800,0.7,0.609414143,0.032749625,18.60827851
39800,0.7,0.710983166,0.037865359,18.77661231
39800,0.7,0.81255219,0.044107179,18.42222079
39800,0.7,0.914121214,0.051511235,17.74605509
39800,0.7,1.218828285,0.081002086,15.04687527
39800,0.7,1.439390485,0.109452312,13.15084587
39800,0.75,0,0.023793076,0
39800,0.75,0.101569024,0.023115573,4.393965229
39800,0.75,0.203138048,0.023318077,8.711612368
39800,0.75,0.304707071,0.024406684,12.48457476
39800,0.75,0.406276095,0.026398089,15.39036007
39800,0.75,0.507845119,0.029456104,17.24074301
39800,0.75,0.609414143,0.033825788,18.01625857
39800,0.75,0.710983166,0.039250567,18.11395912
39800,0.75,0.81255219,0.045790103,17.74514877
39800,0.75,0.914121214,0.05347256,17.09514588
39800,0.75,1.218828285,0.083326093,14.62721029
39800,0.75,1.439390485,0.111530419,12.90581079
39800,0.775,0,0.024582059,0
39800,0.775,0.101569024,0.024044152,4.224271415
39800,0.775,0.203138048,0.024246181,8.37814615
39800,0.775,0.304707071,0.02533007,12.02946028
39800,0.775,0.406276095,0.027311315,14.87574271
39800,0.775,0.507845119,0.030409986,16.69994583
39800,0.775,0.609414143,0.034989778,17.41691939
39800,0.775,0.710983166,0.040659968,17.48607294
39800,0.775,0.81255219,0.047402071,17.14170231
39800,0.775,0.914121214,0.055170758,16.56894426
39800,0.775,1.218828285,0.085110513,14.32053741
39800,0.775,1.439390485,0.113108919,12.72570278
39800,0.8,0,0.026001692,0
39800,0.8,0.101569024,0.025478317,3.986488746
39800,0.8,0.203138048,0.025700352,7.904095944
39800,0.8,0.304707071,0.026808245,11.36617003
39800,0.8,0.406276095,0.028815456,14.09924226
39800,0.8,0.507845119,0.032063845,15.83855957
39800,0.8,0.609414143,0.03695875,16.48903556
39800,0.8,0.710983166,0.042847812,16.59321988
39800,0.8,0.81255219,0.049767733,16.32688774
39800,0.8,0.914121214,0.057718137,15.83767705
39800,0.8,1.218828285,0.087781963,13.88472351
39800,0.8,1.439390485,0.115676614,12.44322802
39800,0.825,0,0.028310313,0
39800,0.825,0.101569024,0.027808792,3.652406908
39800,0.825,0.203138048,0.028078979,7.234524019
39800,0.825,0.304707071,0.02925873,10.41422751
39800,0.825,0.406276095,0.031359903,12.95527269
39800,0.825,0.507845119,0.034805676,14.59087072
39800,0.825,0.609414143,0.040083243,15.20371351
39800,0.825,0.710983166,0.046325574,15.34753063
39800,0.825,0.81255219,0.053521732,15.1817245
39800,0.825,0.914121214,0.061739104,14.80619502
39800,0.825,1.218828285,0.092631416,13.1578285
39800,0.825,1.439390485,0.120949026,11.90080262
