ID,SLST,BPR,OPR,FPR,SFC,T_EoR,T_ToC,T_MdC,Category
1,23728.11176,6.716466745,28.51958444,1.618871316,0.783,17415,3027,2131,-1
2,23502.34764,6.763590913,28.08396597,1.612703601,0.772,17283,3030,2126,-1
3,22965.69032,6.363763004,28.27935607,1.66613445,0.773,16985,3036,2187,-1
4,22464.29467,6.305661544,27.29797113,1.61512345,0.693,16890,3261,2336,-1
5,27267.57569,6.492903282,27.45582063,1.681900553,0.871,19856,3280,2384,-1
6,23011.20876,6.11310371,27.50715503,1.674513881,0.71,17301,3319,2407,-1
7,22488.04906,5.940342599,28.23926706,1.641731901,0.678,17031,3390,2471,-1
8,22840.77185,5.691098092,29.42011866,1.604421801,0.659,17386,3565,2643,-1
9,32183.45503,6.675467183,29.41197863,1.642478595,0.917,23128,3622,2598,-1
10,22919.47977,5.551499732,29.67721846,1.619431269,0.655,17499,3635,2712,-1
11,26534.21158,6.233673813,27.10434917,1.689228113,0.74,19814,3681,2681,-1
12,26534.21158,6.181029132,27.15906964,1.689574336,0.729,19869,3737,2725,-1
13,23316.59503,5.638644752,27.27893742,1.630610089,0.653,17865,3760,2799,-1
14,24020.13565,5.555112329,29.67721846,1.624920715,0.653,18340,3808,2842,-1
15,23274.73832,5.375217913,28.80474193,1.659857578,0.648,17891,3809,2867,-1
16,23688.80752,5.370155727,27.28897742,1.676066547,0.646,18276,3941,2967,-1
17,25076.11484,5.566177673,28.08926414,1.696076566,0.662,19187,3965,2949,-1
18,27038.35489,5.771117005,29.83674697,1.68659031,0.689,20428,4007,2959,-1
19,27038.35489,5.771117005,29.83674697,1.68659031,0.689,20428,4007,2959,-1
20,26327.3008,5.480890342,29.31569331,1.675218184,0.654,20150,4195,3142,-1
21,26327.3008,5.480890342,29.28765566,1.675218184,0.653,20152,4197,3143,-1
22,29421.97865,6.2296756,27.31744212,1.647745097,0.691,22138,4281,3099,-1
23,26849.12972,5.638644752,28.367089,1.630610089,0.65,20527,4283,3195,-1
24,28739.35934,6.150361406,27.20833879,1.612203843,0.669,21741,4324,3151,-1
25,29519.13118,6.222442414,28.18336367,1.601344861,0.674,22234,4342,3154,-1
26,36537.60931,6.469676086,28.24911142,1.680486456,0.872,26549,4349,3190,-1
27,27676.74436,5.543044511,28.84471018,1.681084268,0.656,21169,4387,3278,-1
28,30565.52627,6.34881824,27.92260556,1.612327381,0.687,22935,4401,3175,-1
29,30565.52627,6.34881824,27.92260556,1.612327381,0.687,22935,4401,3175,-1
30,27518.15579,5.420298912,29.86036981,1.647683034,0.646,21084,4438,3340,-1
31,36125.44363,6.430120693,29.00101811,1.672669127,0.831,26375,4440,3254,-1
32,27221.3422,5.370155727,28.377129,1.676066547,0.644,20956,4481,3380,-1
33,27221.3422,5.370155727,28.377129,1.676066547,0.644,20956,4481,3380,-1
34,27518.15579,5.22301702,29.86036981,1.647683034,0.639,21196,4581,3485,-1
35,31046.29345,5.868114023,29.46533363,1.661630537,0.675,23472,4639,3424,-1
36,31046.29345,5.868114023,29.46533363,1.661630537,0.675,23472,4639,3424,-1
37,32146.94934,5.986231463,29.46533363,1.66373677,0.69,24188,4680,3439,-1
38,33246.59773,6.346338544,27.45634726,1.655166468,0.711,24863,4682,3394,-1
39,27699.31031,5.190622855,28.44069618,1.622321975,0.639,21410,4713,3598,-1
40,27699.31031,5.190622855,28.44069618,1.622321975,0.639,21410,4713,3598,-1
41,33246.59773,6.346338544,27.45634726,1.648902138,0.705,24891,4713,3411,-1
42,28416.50868,5.397122241,27.82610734,1.612062238,0.642,21881,4742,3594,-1
43,28416.50868,5.397122241,27.82610734,1.612062238,0.642,21881,4742,3594,-1
44,29585.33392,5.464488823,28.69717264,1.68084942,0.648,22698,4773,3586,-1
45,31713.25874,6.079766857,27.0182674,1.618275407,0.662,24054,4840,3550,-1
46,29556.93957,5.310737637,29.8262035,1.648840589,0.64,22720,4860,3684,-1
47,32306.41802,6.018447169,27.34820497,1.648509831,0.667,24494,4902,3598,-1
48,32306.41802,6.018447169,27.34820497,1.648509831,0.667,24494,4902,3598,-1
49,32306.41802,6.018447169,27.34820497,1.648509831,0.667,24494,4902,3598,-1
50,30271.27364,5.313661359,29.89386746,1.695023826,0.647,23248,4903,3703,-1
51,30312.92136,5.313271774,29.8262035,1.696648808,0.647,23283,4912,3710,-1
52,29455.88062,5.403870779,27.13631236,1.648837453,0.639,22726,4940,3739,-1
53,30312.92136,5.313271774,29.8262035,1.621907238,0.639,23296,5009,3807,-1
54,30312.92136,5.313271774,29.8262035,1.621907238,0.639,23296,5009,3807,-1
55,29224.28917,5.056349243,28.18336367,1.601344861,0.642,22655,5026,3850,-1
56,29519.13118,5.154086,27.24372468,1.601645021,0.643,22874,5066,3869,-1
57,29170.29076,5.038106756,28.29130673,1.660123368,0.633,22657,5076,3897,-1
58,31844.0144,5.565871654,28.56389999,1.622579805,0.643,24391,5150,3873,-1
59,32074.17542,5.313661359,29.8262035,1.695100411,0.645,24641,5206,3937,-1
60,32115.82314,5.313271774,29.8262035,1.696725393,0.646,24672,5210,3940,-1
61,30269.8292,5.202971551,27.10948394,1.648143128,0.635,23470,5222,3990,-1
62,36722.20332,6.065962349,28.13301756,1.692302769,0.708,27572,5258,3879,-1
63,31844.0144,5.429701855,28.56389999,1.617394384,0.639,24472,5260,3986,-1
64,31973.11647,5.406794501,27.13631236,1.695097274,0.642,24666,5299,3997,-1
65,31630.07422,5.301050167,28.24911142,1.618858262,0.637,24399,5331,4062,-1
66,31701.08492,5.231436612,28.0889364,1.622168223,0.636,24504,5397,4123,-1
67,38728.75403,6.472534122,27.73446944,1.626846209,0.701,28924,5435,3914,-1
68,38728.75403,6.472534122,27.73446944,1.626846209,0.701,28924,5435,3914,-1
69,38728.75403,6.472534122,27.73446944,1.626846209,0.701,28924,5435,3914,-1
70,38728.75403,6.472534122,27.73446944,1.626846209,0.701,28924,5435,3914,-1
71,32031.08327,5.206268047,28.29486165,1.646594731,0.633,24776,5465,4177,-1
72,34778.91256,5.722201908,28.58644339,1.642474547,0.649,26527,5469,4079,-1
73,39256.62088,6.265782766,27.21774613,1.686892492,0.726,29324,5469,4017,-1
74,34778.91256,5.722201908,28.41060678,1.642474547,0.649,26539,5483,4090,-1
75,34778.91256,5.722201908,28.41060678,1.642474547,0.649,26539,5483,4090,-1
76,36706.43269,6.079766857,27.49190532,1.653498697,0.672,27760,5494,4032,-1
77,36706.43269,6.079766857,27.46386767,1.653498697,0.672,27763,5496,4034,-1
78,38976.3547,6.201022733,28.94156502,1.658765222,0.704,29153,5504,4032,-1
79,32031.08327,5.203361136,27.48918617,1.646594731,0.634,24819,5511,4214,-1
80,32031.08327,5.203361136,27.48918617,1.646594731,0.634,24819,5511,4214,-1
81,36706.43269,6.079766857,27.11220309,1.653498697,0.669,27794,5528,4058,-1
82,32031.08327,5.203361136,27.10948394,1.646594731,0.634,24837,5531,4229,-1
83,32031.08327,5.203361136,27.10948394,1.646594731,0.634,24837,5531,4229,-1
84,32031.08327,5.203361136,27.10948394,1.646594731,0.634,24837,5531,4229,-1
85,39145.89387,6.322928155,28.86081114,1.627351424,0.694,29279,5543,4017,-1
86,38962.89096,6.334230694,27.28643593,1.651396324,0.697,29213,5568,4046,-1
87,38790.59729,6.204199927,28.29130673,1.650241872,0.689,29130,5597,4085,0
88,38980.24712,6.13812162,28.78840817,1.660167369,0.693,29254,5602,4110,0
89,33593.60155,5.26433914,28.0889364,1.696909794,0.637,25964,5634,4278,0
90,39170.31241,6.283758154,28.80205754,1.61512345,0.68,29385,5643,4104,0
91,33593.60155,5.248425729,28.0889364,1.696909794,0.636,25975,5649,4292,0
92,33593.60155,5.248425729,28.0889364,1.696909794,0.636,25975,5649,4292,0
93,39717.2265,6.091200319,29.01124144,1.674513881,0.702,29772,5663,4177,0
94,33147.73591,5.207265745,28.08412975,1.622434673,0.635,25639,5663,4332,1
95,33736.53103,5.263451883,28.56389999,1.618743444,0.636,26033,5700,4352,0
96,38790.59729,6.204199927,28.22562089,1.624232968,0.673,29214,5700,4163,0
97,33873.78988,5.306620157,28.34304711,1.620102575,0.636,26126,5706,4351,0
98,33577.83092,5.278143649,27.46386767,1.658600279,0.633,25979,5719,4360,0
99,33593.60155,5.230622762,28.0889364,1.622168223,0.635,25970,5724,4376,0
100,33593.60155,5.230622762,28.0889364,1.622168223,0.635,25970,5724,4376,0
101,33593.60155,5.230622762,28.0889364,1.622168223,0.635,25970,5724,4376,0
102,33593.60155,5.230622762,28.0889364,1.622168223,0.635,25970,5724,4376,0
103,33593.60155,5.230622762,28.0889364,1.622168223,0.635,25970,5724,4376,0
104,33593.60155,5.230313821,28.0889364,1.620966802,0.635,25969,5724,4376,0
105,38962.89096,6.102312592,28.29176075,1.652098108,0.678,29371,5737,4208,0
106,33184.55363,5.132110471,27.52837927,1.627758701,0.635,25743,5746,4405,0
107,34314.24381,5.433592275,27.16295004,1.642817463,0.636,26461,5749,4358,0
108,33593.60155,5.230622762,27.30085517,1.622168223,0.636,26009,5763,4405,0
109,33863.78458,5.278143649,27.46386767,1.658600279,0.633,26200,5769,4398,0
110,34085.30772,5.235791367,28.28669406,1.656627712,0.632,26353,5790,4421,0
111,38962.89096,6.102312592,28.22607491,1.626089204,0.665,29437,5826,4277,0
112,38962.89096,6.102312592,28.22607491,1.626089204,0.665,29437,5826,4277,0
113,39010.49126,6.102312592,28.22607491,1.626089204,0.665,29473,5833,4283,0
114,38576.29021,5.691098092,29.14048658,1.604421801,0.643,29423,6110,4585,0
115,36419.23954,5.393262007,27.46393241,1.653188906,0.634,28099,6110,4640,0
116,36343.05984,5.301247418,28.0889364,1.652472482,0.632,28067,6138,4679,0
117,36343.05984,5.301247418,28.0889364,1.652472482,0.632,28067,6138,4679,0
118,36623.24817,5.301050167,28.34304711,1.654081552,0.632,28269,6165,4700,0
119,38962.89096,5.670926848,29.11570039,1.626389364,0.644,29735,6171,4629,0
120,38750.99808,5.543044511,28.84471018,1.681084268,0.646,29666,6185,4654,0
121,38750.99808,5.543044511,28.84471018,1.681084268,0.646,29666,6185,4654,0
122,36736.44225,5.297027811,28.09334136,1.654658525,0.632,28375,6207,4733,0
123,36566.10602,5.31686315,27.46393241,1.652820336,0.632,28266,6207,4731,0
124,38749.67226,5.543044511,28.395796,1.681927399,0.645,29701,6223,4684,0
125,38910.79844,5.536863567,28.69717264,1.68084942,0.645,29807,6231,4691,0
126,36736.44225,5.31686315,27.46393241,1.653188906,0.632,28398,6236,4753,0
127,36736.44225,5.31686315,27.46393241,1.652818957,0.632,28398,6236,4754,0
128,38910.79844,5.527791643,28.63971152,1.682238057,0.645,29819,6243,4702,0
129,38962.89096,5.670926848,28.24433945,1.626389364,0.641,29799,6244,4688,0
130,38750.99808,5.437796656,28.84471018,1.681084268,0.641,29761,6298,4762,0
131,38749.67226,5.543044511,27.40339826,1.681084268,0.642,29779,6310,4753,0
132,36604.41264,5.126315722,27.20778573,1.622260955,0.635,28416,6356,4878,0
133,38528.46505,5.481201126,27.02726673,1.686170841,0.639,29685,6357,4799,0
134,36229.72336,5.022876712,27.38120737,1.653467339,0.63,28207,6382,4917,0
135,38504.04651,5.433592275,27.21774613,1.686170841,0.637,29692,6387,4832,0
136,39257.39017,5.509371481,28.91696655,1.625682052,0.637,30101,6394,4838,0
137,37411.38531,5.231245768,27.28240901,1.605605858,0.637,28955,6400,4894,0
138,38286.33486,5.436522923,27.34175463,1.642873897,0.634,29516,6410,4865,0
139,37447.66239,5.221526757,27.31122212,1.605515789,0.637,28988,6411,4903,0
140,38286.33486,5.433592275,27.34175463,1.642873897,0.634,29518,6412,4868,0
141,39012.71282,5.414606785,28.7819547,1.660123368,0.636,29997,6412,4864,0
142,37447.66239,5.221835698,27.31122212,1.606717211,0.637,28989,6413,4905,0
143,37711.55827,5.201163427,28.76150062,1.656138811,0.63,29158,6414,4909,0
144,38978.38926,5.435602106,28.86285995,1.627008465,0.635,29947,6424,4877,0
145,38810.22964,5.494560829,27.21299107,1.66007269,0.636,29887,6425,4861,0
146,38422.45723,5.442144852,27.21774613,1.642800824,0.634,29625,6437,4885,0
147,38422.45723,5.442144852,27.20822661,1.642800824,0.634,29626,6438,4886,0
148,38422.45723,5.433826025,27.3059981,1.642817463,0.634,29626,6438,4888,0
149,38528.46505,5.394422274,27.1368701,1.686170841,0.636,29749,6439,4880,0
150,39010.25668,5.375217913,28.9357029,1.659857578,0.635,30016,6440,4893,0
151,38798.24827,5.433592275,28.07034664,1.642817463,0.634,29866,6441,4888,0
152,38422.45723,5.433592275,27.21774613,1.642817463,0.634,29631,6445,4893,0
153,38422.45723,5.433592275,27.21774613,1.642817463,0.634,29631,6445,4893,0
154,39010.25668,5.375217913,28.76043525,1.659857578,0.634,30029,6454,4905,0
155,38798.24827,5.473473943,27.37388843,1.641405128,0.635,29882,6459,4896,0
156,38220.53549,5.263451883,28.61869608,1.618743444,0.633,29496,6464,4944,0
157,39257.39017,5.451567663,28.80205754,1.614401799,0.636,30148,6469,4911,0
158,36736.44225,5.022364588,27.38120737,1.652818957,0.63,28602,6472,4988,0
159,37298.26855,5.057840862,28.56215918,1.654645913,0.629,28951,6480,4989,0
160,38495.75529,5.327436713,28.17627411,1.625663879,0.633,29696,6492,4954,0
161,38837.65061,5.451342523,27.22268339,1.645109231,0.634,29939,6495,4927,0
162,38625.35557,5.30628247,28.38950226,1.654081552,0.632,29810,6499,4956,0
163,38798.24827,5.442664199,27.21299107,1.641428826,0.634,29915,6502,4936,0
164,38798.24827,5.433592275,27.28226542,1.642817463,0.634,29917,6504,4939,0
165,38798.24827,5.433592275,27.28226542,1.642817463,0.634,29917,6504,4939,0
166,38801.37353,5.433592275,27.28212225,1.642817463,0.634,29920,6505,4939,0
167,38798.24827,5.433592275,27.21774613,1.642817463,0.634,29922,6509,4943,0
168,38798.24827,5.433416196,27.21299107,1.641445464,0.634,29922,6511,4945,0
169,38837.65061,5.423873264,27.31093535,1.642727394,0.633,29953,6518,4952,0
170,39010.25668,5.375217913,28.43963081,1.624707757,0.634,30042,6520,4966,0
171,37587.13676,5.058241576,28.53545576,1.661539869,0.628,29181,6532,5027,0
172,37711.55827,5.037109349,28.96890869,1.656138811,0.628,29264,6544,5041,0
173,37587.13676,5.037109349,28.47246494,1.65620402,0.628,29196,6553,5049,0
174,37587.13676,5.037109349,28.47246494,1.65620402,0.628,29196,6553,5049,0
175,37587.13676,5.037109349,28.47246494,1.669052839,0.628,29203,6553,5045,0
176,37711.55827,5.037109349,28.76150062,1.656138811,0.628,29276,6557,5052,0
177,39456.12231,5.399154085,28.52566266,1.626170464,0.634,30364,6567,4996,0
178,37609.20092,5.025957326,28.4301257,1.663555946,0.628,29228,6570,5061,0
179,39456.12231,5.398574929,28.44443746,1.624441308,0.634,30369,6575,5003,0
180,38770.5662,5.213312857,28.76150062,1.657471796,0.63,29969,6583,5038,0
181,38856.80819,5.193730184,29.10317845,1.662532654,0.63,30030,6584,5041,0
182,37718.94511,5.043964092,28.26045042,1.657492832,0.628,29307,6584,5071,0
183,38936.49785,5.263451883,28.61869608,1.618743444,0.633,30050,6587,5039,0
184,38773.56403,5.201163427,28.76150062,1.657471796,0.63,29981,6596,5050,0
185,38773.56403,5.201163427,28.76150062,1.657471796,0.63,29981,6596,5050,0
186,37752.36462,5.036720239,28.26397243,1.666799248,0.628,29343,6596,5080,0
187,37968.96022,5.037300353,28.41396056,1.624947653,0.632,29472,6598,5082,0
188,38462.40027,5.134520086,28.86130831,1.656493999,0.629,29783,6598,5065,0
189,38773.56403,5.195306091,28.73312156,1.661756031,0.63,29988,6599,5052,0
190,37759.66741,5.036504674,28.2489736,1.661769651,0.628,29347,6599,5082,0
191,37838.45524,5.04493333,28.32784951,1.669435741,0.628,29402,6600,5081,0
192,37968.96022,5.039376299,28.25902902,1.622855173,0.633,29477,6601,5083,0
193,38480.26455,5.131301218,28.85926146,1.627575178,0.631,29781,6601,5073,0
194,38498.76083,5.131301218,28.86285995,1.626389364,0.631,29795,6603,5074,0
195,38462.40027,5.130330258,28.73392861,1.654645913,0.629,29793,6612,5078,0
196,38773.56403,5.213400415,28.44069618,1.626132399,0.632,29975,6614,5069,0
197,37994.05448,5.043463564,28.52583879,1.669435741,0.628,29512,6616,5093,0
198,38897.98554,5.201163427,28.76150062,1.657406587,0.63,30077,6617,5067,0
199,39982.01486,5.375217913,28.76043525,1.659857578,0.634,30778,6618,5031,0
200,38212.28142,5.108707989,28.26010596,1.657492832,0.629,29645,6618,5086,0
201,38773.56403,5.201163427,28.44069618,1.622321975,0.632,29981,6620,5075,0
202,38773.56403,5.201163427,28.44069618,1.622321975,0.632,29981,6620,5075,0
203,37923.83611,5.04493333,28.25024677,1.669385249,0.628,29473,6620,5096,0
204,37902.56831,5.03815088,28.24836343,1.667224979,0.628,29460,6623,5100,0
205,38943.90026,5.201163427,28.73687963,1.657470417,0.63,30114,6627,5074,0
206,38188.56798,5.038094066,28.92077945,1.667163208,0.628,29642,6629,5104,0
207,38773.56403,5.189792611,28.43654596,1.62575796,0.632,29992,6632,5086,0
208,38538.96144,5.201163427,27.44829844,1.621478844,0.634,29856,6634,5083,0
209,38790.59729,5.187982353,28.44044226,1.654787919,0.629,30023,6637,5087,0
210,37711.55827,5.036425716,27.35924656,1.656420862,0.629,29357,6639,5115,0
211,38851.34752,5.190487216,28.4470333,1.660098216,0.629,30070,6641,5087,0
212,38790.59729,5.124909638,29.16909477,1.654787919,0.629,30024,6642,5101,0
213,38986.04311,5.200916621,28.52575747,1.626450384,0.632,30144,6655,5103,0
214,38251.56443,5.071181592,28.2857712,1.659903849,0.628,29702,6655,5120,0
215,38986.04311,5.200337465,28.44453227,1.624721227,0.632,30148,6659,5106,0
216,38287.37727,5.071122191,28.28841161,1.660123368,0.628,29730,6661,5125,0
217,38251.56443,5.071181592,28.14921976,1.659900525,0.628,29710,6663,5127,0
218,38959.80933,5.128572308,29.09205919,1.626389364,0.631,30140,6671,5127,0
219,38850.50169,5.125920129,28.84738942,1.661502338,0.629,30093,6672,5123,0
220,38511.97465,5.037355624,29.10317845,1.662445955,0.628,29880,6675,5141,0
221,38850.50169,5.16350744,28.2489736,1.667182775,0.629,30105,6676,5118,0
222,39643.44773,5.262057645,28.79834835,1.657230942,0.631,30605,6680,5104,0
223,38502.06179,5.058811434,28.68900929,1.664310715,0.628,29884,6682,5143,0
224,38964.21677,5.131301218,28.86285995,1.626389364,0.631,30155,6684,5137,0
225,38964.21677,5.131301218,28.86285995,1.626389364,0.631,30155,6684,5137,0
226,38964.21677,5.131301218,28.86285995,1.626389364,0.631,30155,6684,5137,0
227,38962.6556,5.131301218,28.85926146,1.626389364,0.631,30154,6684,5137,0
228,38964.21677,5.131301218,28.86285995,1.626389364,0.631,30155,6684,5137,0
229,38392.43283,5.069637962,28.2354527,1.660123368,0.628,29816,6684,5143,0
230,38959.80933,5.128572308,28.86343879,1.626389364,0.631,30154,6685,5138,0
231,38483.77794,5.099643785,27.6359692,1.62529592,0.633,29874,6687,5140,0
232,38992.88862,5.131301218,28.86285995,1.626389364,0.631,30178,6689,5140,0
233,38463.37162,5.038106756,28.70644519,1.653629054,0.628,29862,6692,5158,0
234,38318.517,5.034901268,28.34627921,1.667123743,0.628,29781,6693,5155,0
235,38466.80771,5.040835666,28.56215918,1.654645913,0.628,29872,6700,5163,0
236,38490.46843,5.039793541,28.29130673,1.629695712,0.631,29887,6701,5163,0
237,38488.78759,5.069700906,28.23181751,1.661777068,0.628,29892,6701,5156,0
238,38850.50169,5.066932343,29.19362294,1.66151465,0.628,30115,6701,5156,0
239,39004.86596,5.129037777,28.73766531,1.664389044,0.629,30219,6702,5145,0
240,38495.75529,5.060819583,28.29145158,1.674909074,0.628,29906,6702,5155,0
241,38490.46843,5.039793541,28.26890297,1.629695712,0.631,29889,6703,5163,0
242,38502.06179,5.058811434,28.3785064,1.664310715,0.628,29903,6703,5159,0
243,38305.7947,5.027292563,28.24912536,1.667409215,0.628,29782,6703,5164,0
244,39004.86596,5.131482048,28.712522,1.661216812,0.629,30217,6704,5147,0
245,39004.86596,5.131482048,28.712522,1.661216812,0.629,30217,6704,5147,0
246,38487.03203,5.039679589,28.56215918,1.654306019,0.628,29888,6704,5167,0
247,38370.3036,5.038106756,28.2489736,1.661769651,0.628,29822,6705,5165,0
248,38620.51563,5.076120777,28.40654555,1.669302428,0.628,29983,6705,5157,0
249,38502.35131,5.041122605,28.55887209,1.664592766,0.628,29905,6706,5165,0
250,38497.6386,5.040826983,28.55284353,1.654645913,0.628,29896,6706,5167,0
251,38829.73886,5.057475497,29.16432952,1.664984958,0.628,30110,6707,5162,0
252,38773.56403,5.085312223,28.29156065,1.622321975,0.632,30069,6710,5161,0
253,38495.75529,5.032938151,28.09354907,1.625663879,0.632,29903,6711,5169,0
254,38836.53506,5.121605781,28.29836406,1.637492888,0.63,30106,6711,5160,0
255,38466.80771,5.040835666,28.37218873,1.654645913,0.628,29883,6711,5172,0
256,38460.68657,5.027719136,28.49645663,1.653643471,0.628,29880,6713,5176,0
257,38790.59729,5.082695562,28.29545696,1.621798927,0.633,30084,6714,5164,0
258,38962.89096,5.199801308,27.46562955,1.626389364,0.633,30189,6714,5146,0
259,38502.06179,5.131580021,27.24347614,1.664592766,0.629,29918,6714,5155,0
260,38465.3981,5.025957326,28.49645663,1.654645913,0.628,29885,6715,5177,0
261,38465.3981,5.025957326,28.49645663,1.654640307,0.628,29885,6715,5177,0
262,38465.3981,5.025957326,28.49645663,1.654645913,0.628,29885,6715,5177,0
263,38790.59729,5.097046171,28.39444298,1.669341476,0.628,30100,6716,5161,0
264,38886.31453,5.057885003,29.12244079,1.669435741,0.628,30158,6717,5168,0
265,38886.31453,5.045031143,29.28169627,1.669435741,0.628,30157,6717,5170,0
266,38462.40027,5.038106756,28.29130673,1.654645913,0.628,29886,6718,5177,0
267,38447.96061,5.03868441,28.23274681,1.661777068,0.628,29883,6719,5176,0
268,38850.50169,5.097589206,28.49764765,1.667345649,0.628,30139,6720,5165,0
269,38962.89096,5.201355513,27.28643593,1.626389364,0.633,30198,6722,5152,0
270,38962.89096,5.201355513,27.28643593,1.626389364,0.633,30198,6722,5152,0
271,38495.75529,5.038106756,28.29130673,1.660123368,0.628,29916,6724,5180,0
272,38495.75529,5.099824615,27.48563125,1.660123368,0.629,29919,6724,5169,0
273,38495.75529,5.09860652,27.49515077,1.660123368,0.629,29919,6724,5169,0
274,38773.56403,5.063183777,28.73312156,1.661624422,0.628,30087,6724,5175,0
275,38445.42568,5.038106756,28.14962188,1.660114539,0.628,29885,6724,5180,0
276,38490.92938,5.038106756,28.29130673,1.660123368,0.628,29912,6724,5179,0
277,38886.31453,5.032879375,29.34245693,1.669370892,0.627,30162,6724,5178,0
278,38495.75529,5.052773489,27.46414012,1.62429835,0.633,29923,6726,5176,0
279,38790.59729,5.071324746,28.29130673,1.625234911,0.632,30095,6727,5177,0
280,38750.41188,5.131548025,27.25424088,1.622260955,0.634,30078,6727,5165,0
281,38790.59729,5.071324746,28.29130673,1.625234911,0.632,30095,6727,5177,0
282,38850.50169,5.096412087,28.40390514,1.669216223,0.628,30146,6727,5170,0
283,38850.50169,5.096412087,28.40390514,1.669157191,0.628,30146,6727,5170,0
284,38821.69153,5.036622526,29.14085772,1.662390701,0.628,30119,6727,5182,0
285,38464.98203,5.038115438,28.14817126,1.660114539,0.628,29900,6728,5182,0
286,38962.89096,5.201355513,27.15283184,1.626413061,0.633,30206,6729,5157,0
287,38850.50169,5.096412087,28.40390514,1.656308371,0.628,30140,6731,5177,0
288,38770.38762,5.038094066,28.92077945,1.667158699,0.627,30094,6731,5184,0
289,39488.51897,5.200916621,28.52575747,1.662169572,0.629,30552,6733,5155,0
290,38495.81292,5.038106756,28.13885561,1.660114539,0.628,29925,6734,5187,0
291,38494.84418,5.038106756,28.14249351,1.664976166,0.628,29927,6734,5187,0
292,38518.32218,5.038106756,28.20633117,1.662445955,0.628,29940,6734,5187,0
293,38856.80819,5.038106756,29.10317845,1.662445955,0.628,30148,6735,5188,0
294,38856.80819,5.038106756,29.10317845,1.662445955,0.628,30148,6735,5188,0
295,38856.80819,5.038106756,29.10317845,1.662445955,0.628,30148,6735,5188,0
296,38856.80819,5.038098682,29.10317845,1.662445955,0.628,30148,6735,5188,0
297,38856.80819,5.038106756,29.10317845,1.662494094,0.628,30148,6735,5188,0
298,38856.80819,5.038106756,29.10317845,1.662635015,0.628,30148,6735,5187,0
299,38598.91704,5.038562567,28.40654555,1.667151748,0.628,29993,6735,5187,0
300,38825.42899,5.045065374,28.89133459,1.667309701,0.627,30134,6736,5186,0
301,38850.50169,5.098488033,28.2489736,1.667123743,0.628,30154,6737,5178,0
302,38850.50169,5.098488033,28.2489736,1.667123743,0.628,30154,6737,5178,0
303,38850.50169,5.098488033,28.2489736,1.666934682,0.628,30154,6737,5178,0
304,38852.56197,5.036705337,29.08204354,1.661434967,0.628,30146,6737,5190,0
305,38806.69363,5.036699465,28.93976915,1.667318065,0.627,30123,6737,5189,0
306,38913.54343,5.027517578,29.32805312,1.662177932,0.627,30186,6739,5192,0
307,38884.74044,5.036622526,29.14085772,1.660512387,0.628,30167,6739,5191,0
308,38856.15489,5.036720239,28.99166016,1.67333696,0.627,30160,6739,5188,0
309,38576.99886,5.040836102,28.2489736,1.662109544,0.628,29981,6740,5191,0
310,38514.4823,5.038106756,28.08724273,1.65977166,0.628,29942,6740,5192,0
311,38550.42275,5.033744136,28.24748503,1.667092543,0.628,29968,6741,5193,0
312,38912.28519,5.038120688,29.12216497,1.66742804,0.627,30192,6741,5191,0
313,38914.30907,5.038120688,29.10742078,1.667318065,0.627,30194,6743,5193,0
314,38839.6839,5.038094066,28.92077945,1.667158699,0.627,30148,6743,5193,0
315,38773.56403,5.039682663,28.73312156,1.661669332,0.628,30105,6744,5195,0
316,38856.80819,5.038413611,28.93976915,1.667318065,0.627,30160,6744,5194,0
317,39488.51897,5.200916621,28.3763812,1.662169572,0.629,30562,6745,5165,0
318,38772.69215,5.038109394,28.73312156,1.661669332,0.628,30105,6745,5196,0
319,38856.80819,5.038156824,28.93976915,1.667318065,0.627,30160,6745,5194,0
320,38856.80819,5.038156824,28.93976915,1.667318065,0.627,30160,6745,5194,0
321,38856.80819,5.038156824,28.93976915,1.667318065,0.627,30160,6745,5194,0
322,38856.80819,5.038156824,28.93976915,1.667318065,0.627,30160,6745,5194,0
323,38856.80819,5.038243393,28.93976915,1.667253758,0.627,30160,6745,5194,0
324,38856.80819,5.038156824,28.93976915,1.667318065,0.627,30160,6745,5194,0
325,38856.80819,5.038156824,28.93976915,1.667318065,0.627,30160,6745,5194,0
326,38856.80819,5.038156824,28.93976915,1.667318065,0.627,30160,6745,5194,0
327,38856.80819,5.038156824,28.93976915,1.667318065,0.627,30160,6745,5194,0
328,38846.5891,5.036622526,28.94017891,1.662390701,0.628,30151,6746,5196,0
329,38857.65299,5.038156824,28.93976915,1.652356003,0.628,30153,6746,5201,0
330,38842.63235,5.037982512,28.90220732,1.662636343,0.628,30150,6746,5197,0
331,38856.80819,5.038163298,28.91803397,1.667450764,0.627,30162,6746,5195,0
332,38856.80819,5.038156824,28.93976915,1.664353513,0.627,30159,6746,5196,0
333,38909.81957,5.037248779,29.04011996,1.667726992,0.627,30196,6747,5196,0
334,38790.59729,5.013520928,28.17639771,1.613954658,0.634,30129,6748,5198,0
335,38790.59729,5.072131149,28.29130673,1.654787919,0.628,30117,6748,5195,0
336,38790.59729,5.072131149,28.29130673,1.654787919,0.628,30117,6748,5195,0
337,38937.92107,5.036622526,29.14085772,1.662390701,0.627,30210,6748,5198,0
338,38790.59729,5.072131149,28.28204109,1.654787919,0.628,30118,6749,5196,0
339,38868.75699,5.036620361,28.9285264,1.667594498,0.627,30172,6749,5198,0
340,38890.89122,5.036762463,28.9731702,1.667439273,0.627,30186,6749,5198,0
341,38889.91578,5.038120688,28.96583327,1.667100828,0.627,30184,6749,5197,0
342,38864.41115,5.036819822,28.932585,1.663508212,0.627,30166,6749,5199,0
343,38888.0327,5.038156824,28.93976915,1.667318065,0.627,30185,6750,5198,0
344,38795.88415,5.069637962,28.29130673,1.660123368,0.628,30126,6751,5196,0
345,38856.80819,5.038106756,28.87455805,1.662445955,0.628,30162,6751,5200,0
346,38832.5144,5.038156824,28.78982892,1.667318065,0.627,30151,6751,5199,0
347,38856.80819,5.031642816,28.93976915,1.667318065,0.627,30165,6751,5200,0
348,38493.2415,5.060435743,27.52664582,1.659866407,0.629,29943,6752,5197,0
349,38850.50169,5.071497065,28.40390514,1.654662666,0.628,30158,6752,5198,0
350,39101.75606,5.044284254,29.32805312,1.669369034,0.627,30322,6752,5197,0
351,38890.36175,5.036665335,28.94860429,1.663802276,0.627,30185,6752,5201,0
352,39003.2205,5.038156824,29.21516139,1.665035359,0.627,30256,6752,5200,0
353,38914.30907,5.038120688,28.96583327,1.667408433,0.627,30204,6753,5201,0
354,38914.30907,5.038120688,28.96583327,1.667406123,0.627,30204,6753,5201,0
355,38914.30907,5.038120688,28.97028978,1.667318065,0.627,30203,6753,5200,0
356,38914.30907,5.038120688,28.96775182,1.667320375,0.627,30203,6753,5201,0
357,38914.30907,5.038120688,28.96583327,1.667412841,0.627,30204,6753,5201,0
358,38495.75529,5.058127801,27.50531427,1.660123368,0.629,29948,6755,5200,0
359,38795.77198,5.069700906,28.23181751,1.661766664,0.628,30131,6755,5198,0
360,38914.30907,5.038120688,28.93976915,1.667318065,0.627,30205,6755,5202,0
361,38856.77842,5.027292563,28.92964939,1.667404736,0.627,30169,6755,5204,0
362,38914.30907,5.038120688,28.93976915,1.667318065,0.627,30205,6755,5202,0
363,38914.30907,5.038120688,28.93976915,1.667320375,0.627,30205,6755,5202,0
364,38914.30907,5.038120688,28.93976915,1.667318065,0.627,30205,6755,5202,0
365,38914.30907,5.038120688,28.93976915,1.667320375,0.627,30205,6755,5202,0
366,38914.30907,5.038120688,28.93976915,1.667318065,0.627,30205,6755,5202,0
367,38914.30907,5.038120688,28.9378506,1.667534565,0.627,30205,6755,5202,0
368,38914.30907,5.038108502,28.93976915,1.667339493,0.627,30205,6755,5202,0
369,38914.30907,5.038120688,28.93976915,1.667320375,0.627,30205,6755,5202,0
370,38495.75529,5.058127801,27.48563125,1.660123368,0.629,29949,6756,5201,0
371,38493.29914,5.060435743,27.46411181,1.659857578,0.629,29946,6756,5200,0
372,38495.75529,5.058127801,27.48563125,1.661710504,0.629,29950,6757,5201,0
373,39004.86596,5.073401308,28.70848281,1.66091434,0.628,30261,6757,5199,0
374,38852.56197,5.038490532,28.74384721,1.667458658,0.627,30169,6757,5204,0
375,38649.23518,5.036325627,28.23324565,1.666267582,0.628,30044,6757,5205,0
376,38914.30907,5.038120688,28.9053758,1.66531416,0.627,30206,6758,5205,0
377,38789.75146,5.062072213,28.24238257,1.654872218,0.628,30127,6759,5205,0
378,38858.45365,5.041024632,28.71504795,1.661131506,0.628,30171,6759,5206,0
379,38859.67306,5.023097406,28.93976915,1.667322991,0.627,30174,6759,5208,0
380,38502.06179,5.058127801,27.46847516,1.664592766,0.628,29957,6760,5203,0
381,38502.06179,5.058127801,27.46847516,1.664592766,0.628,29957,6760,5203,0
382,38502.06179,5.058127801,27.46847516,1.664592766,0.628,29957,6760,5203,0
383,38502.06179,5.058127801,27.46847516,1.664544626,0.628,29957,6760,5203,0
384,38502.06179,5.058127801,27.46847516,1.664592766,0.628,29957,6760,5203,0
385,38886.31453,5.02676964,28.89756487,1.672939002,0.627,30197,6760,5207,0
386,38502.06179,5.056970669,27.46847516,1.664592766,0.628,29958,6761,5204,0
387,38841.61351,5.058811434,28.38636468,1.664310715,0.628,30166,6762,5205,0
388,38888.34944,5.04493333,28.68828396,1.667248744,0.627,30196,6762,5207,0
389,38942.27967,5.038094066,28.92077945,1.662857194,0.627,30226,6762,5209,0
390,38959.7657,5.131301218,27.28657909,1.622578941,0.634,30240,6763,5193,0
391,38466.51819,5.040835666,27.47176225,1.654645913,0.629,29935,6763,5212,0
392,38821.75337,5.025957326,28.73859728,1.657253548,0.628,30150,6763,5213,0
393,38932.31163,5.037194093,28.90220732,1.662629081,0.627,30220,6763,5210,0
394,38914.30907,5.038120688,28.80731447,1.667318065,0.627,30214,6764,5210,0
395,38502.06179,5.060572072,27.33012379,1.661420534,0.629,29962,6765,5207,0
396,38795.88415,5.046136848,28.39204414,1.660168278,0.628,30138,6765,5210,0
397,38871.24785,5.069123252,28.29037743,1.654645913,0.628,30182,6765,5209,0
398,38886.31453,5.061662121,28.40654555,1.669435741,0.628,30200,6765,5206,0
399,38856.80819,5.069700906,28.24897513,1.661776548,0.628,30177,6765,5206,0
400,39005.96839,5.036622526,29.06341788,1.659518125,0.628,30266,6765,5212,0
401,38823.47813,5.119572376,27.31093535,1.637492888,0.631,30154,6766,5200,0
402,38856.80819,5.069700906,28.23181751,1.661777068,0.628,30178,6766,5207,0
403,38870.31127,5.038106756,28.23181751,1.62605788,0.632,30184,6767,5213,0
404,38850.50169,5.064577076,28.2489736,1.660182515,0.628,30175,6768,5209,0
405,38779.75667,5.049476028,28.25186872,1.661447096,0.628,30132,6768,5212,0
406,39202.41712,5.059740053,29.2152093,1.661769651,0.628,30393,6768,5209,0
407,38959.7657,5.131301218,27.28657909,1.626389364,0.633,30244,6769,5199,0
408,38959.7657,5.131301218,27.28657909,1.626389364,0.633,30244,6769,5199,0
409,38502.06179,5.059682007,27.28928153,1.664592766,0.629,29967,6769,5210,0
410,38790.59729,5.072131149,27.96126553,1.654793526,0.628,30137,6769,5211,0
411,38962.89096,5.131301218,27.28643593,1.626389364,0.633,30246,6770,5199,0
412,38962.89096,5.131301218,27.28643593,1.626389364,0.633,30246,6770,5199,0
413,38855.21321,5.062815266,28.2489736,1.661184956,0.628,30181,6770,5212,0
414,39003.2205,5.038156824,28.9372432,1.667318065,0.627,30274,6770,5214,0
415,39003.2205,5.038156824,28.9372432,1.667318065,0.627,30274,6770,5214,0
416,39003.2205,5.038157013,28.93801095,1.667318065,0.627,30274,6770,5214,0
417,39031.84595,5.038151991,28.96583327,1.673488929,0.627,30297,6770,5212,0
418,39003.2205,5.038180966,28.9372432,1.667318065,0.627,30274,6770,5214,0
419,39143.27926,5.037597288,29.32805312,1.662120474,0.627,30356,6770,5215,0
420,38762.22331,5.099824615,27.48563125,1.658937554,0.629,30126,6771,5206,0
421,38762.22331,5.099824615,27.48563125,1.658937554,0.629,30126,6771,5206,0
422,38492.79025,5.041122605,27.49097318,1.664493998,0.628,29961,6771,5214,0
423,39003.2205,5.038156824,28.9372432,1.667184404,0.627,30274,6771,5214,0
424,38856.85723,5.042243541,28.50573479,1.662392751,0.628,30182,6772,5216,0
425,38863.10065,5.038106756,28.56006055,1.661769651,0.628,30186,6773,5217,0
426,39003.2205,5.036662448,28.93734268,1.66353509,0.627,30274,6773,5218,0
427,38844.65479,5.026829235,28.65457691,1.663487133,0.627,30175,6773,5219,0
428,38993.12398,5.131301218,27.27500181,1.625477579,0.633,30269,6774,5202,0
429,38502.06179,5.041122605,27.46847516,1.664592766,0.628,29969,6774,5216,0
430,38855.09001,5.04493333,28.40654555,1.669435741,0.627,30188,6774,5216,0
431,38842.98595,5.026237776,28.63864479,1.663452641,0.627,30176,6774,5220,0
432,38790.59729,5.039754474,28.28608028,1.655090392,0.628,30141,6775,5221,0
433,38858.94671,5.04600006,28.40650948,1.664064879,0.628,30188,6775,5218,0
434,38886.31453,5.049273143,28.41662011,1.669325463,0.627,30209,6775,5216,0
435,38990.18173,5.035033843,28.88908903,1.667262377,0.627,30270,6775,5218,0
436,38750.68725,5.033744136,28.24906422,1.667123743,0.628,30124,6776,5220,0
437,38960.70628,5.037109349,28.76124678,1.656138811,0.628,30247,6777,5223,0
438,38866.55892,5.04493333,28.39380569,1.669435741,0.627,30198,6777,5218,0
439,38840.33257,5.051669117,28.24831509,1.667190118,0.628,30181,6777,5217,0
440,38483.77392,5.006231171,27.48563125,1.641479504,0.631,29961,6778,5227,0
441,38795.88415,5.038043811,28.29130673,1.662621846,0.628,30151,6778,5221,0
442,38795.88415,5.038043811,28.29130673,1.660858537,0.628,30150,6778,5221,0
443,38795.88415,5.038043811,28.29130673,1.662621846,0.628,30151,6778,5221,0
444,38761.20292,5.033744136,28.24906422,1.667228248,0.628,30132,6778,5222,0
445,38502.06179,5.041122605,27.37126018,1.664592766,0.628,29975,6779,5221,0
446,38886.31453,5.04493333,28.41811034,1.669435741,0.627,30212,6779,5220,0
447,38886.31453,5.04493333,28.41894429,1.669435741,0.627,30212,6779,5220,0
448,38886.31453,5.04493333,28.41811034,1.669435741,0.627,30212,6779,5220,0
449,39113.75459,5.036622526,29.14085772,1.662390701,0.627,30346,6779,5222,0
450,38886.31453,5.04493333,28.41894429,1.669435741,0.627,30212,6779,5220,0
451,38886.31453,5.04493333,28.41894429,1.669435741,0.627,30212,6779,5220,0
452,38860.47339,5.038156824,28.44916685,1.667318065,0.627,30194,6779,5221,0
453,38886.31453,5.04493333,28.41811034,1.670598406,0.627,30213,6779,5219,0
454,38884.98085,5.044913452,28.41894429,1.669435741,0.627,30211,6779,5220,0
455,38886.31453,5.044909188,28.41811034,1.669435741,0.627,30212,6779,5220,0
456,38888.18277,5.04493333,28.40654555,1.671698754,0.627,30215,6779,5220,0
457,38886.31453,5.044690496,28.41811034,1.669460423,0.627,30212,6779,5220,0
458,38886.31453,5.04493333,28.42007054,1.669517163,0.627,30212,6779,5220,0
459,38886.31453,5.04493333,28.41811034,1.669435741,0.627,30212,6779,5220,0
460,38886.31453,5.04493333,28.41815701,1.669435741,0.627,30212,6779,5220,0
461,38886.31453,5.045374773,28.40654555,1.669435741,0.627,30212,6779,5220,0
462,39190.33201,5.036622526,29.32805312,1.661769651,0.627,30393,6779,5222,0
463,38886.31453,5.044935387,28.41811034,1.669518015,0.627,30212,6779,5220,0
464,38886.31453,5.044541991,28.42222456,1.669445575,0.627,30212,6779,5220,0
465,38886.31453,5.04493333,28.41811034,1.669435741,0.627,30212,6779,5220,0
466,38886.31453,5.04493333,28.40654555,1.669435741,0.627,30213,6780,5220,0
467,38502.06179,5.036995574,27.40548435,1.664592766,0.628,29976,6780,5222,0
468,38886.31453,5.04493333,28.40654555,1.669435741,0.627,30213,6780,5220,0
469,38886.31453,5.04493333,28.40654555,1.669435741,0.627,30213,6780,5220,0
470,38886.31453,5.04493333,28.40654555,1.669435741,0.627,30213,6780,5220,0
471,38840.16529,5.025957326,28.54806951,1.663805692,0.627,30179,6780,5225,0
472,38886.31453,5.04493333,28.40654555,1.669301192,0.627,30213,6780,5221,0
473,38886.31453,5.04493333,28.40654555,1.669435741,0.627,30213,6780,5220,0
474,38864.34899,5.025422123,28.60930044,1.663462813,0.627,30195,6780,5225,0
475,38840.16529,5.025700539,28.54806951,1.663805692,0.627,30179,6780,5225,0
476,38886.31453,5.04493333,28.40654555,1.669435741,0.627,30213,6780,5220,0
477,38886.31453,5.04493333,28.40654555,1.669435741,0.627,30213,6780,5220,0
478,38886.31453,5.04493333,28.40654555,1.669190305,0.627,30213,6780,5221,0
479,38876.88114,5.034905778,28.52056964,1.662177932,0.628,30202,6780,5224,0
480,38886.31453,5.04493333,28.40654555,1.669435741,0.627,30213,6780,5220,0
481,38886.31453,5.04493333,28.40654555,1.669435741,0.627,30213,6780,5220,0
482,38886.31453,5.044271102,28.40654555,1.669433343,0.627,30213,6780,5221,0
483,38840.16529,5.025957326,28.54806951,1.663805692,0.627,30179,6780,5225,0
484,38840.16529,5.025957326,28.54806951,1.663805692,0.627,30179,6780,5225,0
485,38886.31453,5.04493333,28.40649888,1.669435741,0.627,30213,6780,5220,0
486,38886.31453,5.044873186,28.40654555,1.669510611,0.627,30213,6780,5220,0
487,38886.31453,5.04493333,28.40654555,1.669435741,0.627,30213,6780,5220,0
488,38840.16529,5.025957326,28.54806951,1.66401227,0.627,30179,6780,5225,0
489,38886.31453,5.04493333,28.40654555,1.669435741,0.627,30213,6780,5220,0
490,38886.31453,5.04493333,28.40654555,1.669435741,0.627,30213,6780,5220,0
491,38840.16529,5.025957326,28.54806951,1.663805692,0.627,30179,6780,5225,0
492,38850.50169,5.038106756,28.39184345,1.661769651,0.628,30187,6781,5224,0
493,39036.97306,5.044599622,28.40654555,1.694841784,0.628,30338,6781,5213,0
494,38959.80933,5.040758935,28.23123652,1.626656677,0.632,30252,6782,5224,0
495,38482.69835,5.036073351,27.30387803,1.660800226,0.629,29965,6782,5223,0
496,38856.80819,5.038106756,28.40068467,1.661777068,0.628,30191,6782,5224,0
497,38868.17813,5.037845866,28.42906641,1.663101725,0.628,30199,6782,5225,0
498,38908.81156,5.04493333,28.44326371,1.667073761,0.627,30227,6782,5223,0
499,38900.51473,5.045083426,28.40460594,1.669090816,0.627,30224,6782,5223,0
500,38908.10702,5.025957326,28.6940198,1.663426469,0.627,30223,6782,5227,0
501,38529.13112,5.03875906,27.40732409,1.662053762,0.629,29994,6783,5224,0
502,38856.80819,5.038189273,28.38728321,1.662445955,0.628,30192,6783,5225,0
503,38856.85151,5.047038083,28.25972346,1.663356424,0.628,30194,6783,5224,0
504,38849.29065,5.034633729,28.40654555,1.667661183,0.627,30191,6783,5225,0
505,38850.50169,5.045817444,28.26296915,1.667209362,0.628,30192,6783,5223,0
506,38913.1021,5.045325263,28.43406207,1.668616315,0.627,30231,6783,5223,0
507,38962.89096,5.109059813,27.28643593,1.626389364,0.633,30261,6784,5214,0
508,38856.85723,5.025957326,28.51858245,1.666817739,0.627,30196,6784,5228,0
509,38856.80819,5.043964092,28.26019658,1.657492832,0.628,30193,6785,5227,0
510,38992.88862,5.034887888,28.29285837,1.624541278,0.632,30276,6785,5227,0
511,39004.86596,5.041024632,28.712522,1.661216812,0.628,30285,6785,5227,0
512,39004.86596,5.041024632,28.712522,1.661216812,0.628,30285,6785,5227,0
513,38856.92036,5.040837707,28.29130673,1.662632251,0.628,30196,6786,5228,0
514,38857.37011,5.043877007,28.26023315,1.661838133,0.628,30196,6786,5227,0
515,38858.83467,5.025957326,28.49645663,1.663462813,0.627,30197,6786,5230,0
516,38856.85723,5.025957326,28.49645663,1.663462813,0.627,30195,6786,5230,0
517,39111.07032,5.036622526,29.03420836,1.662390701,0.627,30351,6786,5227,0
518,38856.80819,5.043933042,28.26019658,1.667394794,0.628,30198,6786,5226,0
519,38858.83467,5.025957326,28.49645663,1.663462813,0.627,30197,6786,5230,0
520,38844.28378,5.034901268,28.34627921,1.667123743,0.627,30190,6786,5227,0
521,38858.83467,5.025878188,28.49645663,1.663462813,0.627,30197,6786,5230,0
522,38856.85723,5.025957326,28.49645663,1.663462813,0.627,30195,6786,5230,0
523,38911.51415,5.043500009,28.40654555,1.66940088,0.627,30233,6786,5225,0
524,38821.07109,5.036579275,28.24840237,1.667190759,0.628,30177,6786,5228,0
525,38862.42744,5.04493333,28.24850395,1.661958369,0.628,30200,6787,5227,0
526,38856.15489,5.036682327,28.24836343,1.645277663,0.629,30190,6787,5232,0
527,38886.31453,5.038004165,28.40158022,1.663217409,0.628,30215,6787,5228,0
528,38883.05658,5.036753695,28.39925142,1.65598141,0.628,30209,6787,5230,0
529,38886.31453,5.035510483,28.40654555,1.669435741,0.627,30220,6788,5229,0
530,38858.83467,5.025957326,28.46295071,1.663638093,0.627,30199,6788,5231,0
531,38886.31453,5.044932063,28.28963823,1.669435741,0.627,30220,6788,5227,0
532,38857.67354,5.04493333,28.20885598,1.669435741,0.627,30203,6788,5227,0
533,38851.37357,5.039680025,28.2489736,1.661769651,0.628,30195,6789,5230,0
534,38850.50169,5.038106756,28.2489736,1.65677692,0.628,30192,6789,5232,0
535,38889.68814,5.038305084,28.37786044,1.667566865,0.627,30221,6789,5229,0
536,38887.10057,5.033295473,28.4194096,1.669166729,0.627,30221,6789,5230,0
537,38886.31453,5.04493333,28.26750038,1.669435741,0.627,30221,6789,5228,0
538,38850.53146,5.038156824,28.27308891,1.667322544,0.627,30197,6789,5229,0
539,38850.50169,5.038106756,28.2489736,1.661769651,0.628,30195,6790,5231,0
540,38850.50169,5.038106756,28.2489736,1.661769651,0.628,30195,6790,5231,0
541,38850.50169,5.038106756,28.2489736,1.661769651,0.628,30195,6790,5231,0
542,38849.93977,5.036709611,28.25183215,1.65742435,0.628,30193,6790,5233,0
543,38863.77589,5.038106756,28.29130673,1.660123368,0.628,30202,6790,5231,0
544,38850.50169,5.038106756,28.2489736,1.661769651,0.628,30195,6790,5231,0
545,38886.31453,5.032879375,28.40654555,1.669435741,0.627,30222,6790,5231,0
546,38841.22531,5.036735368,28.24795499,1.667187317,0.627,30192,6790,5230,0
547,38850.50169,5.036622526,28.25186872,1.661769651,0.628,30196,6791,5232,0
548,38855.3276,5.038106756,28.2489736,1.661769651,0.628,30199,6791,5232,0
549,38850.50169,5.038106756,28.23181598,1.66177017,0.628,30196,6791,5232,0
550,38886.31453,5.04493333,28.25012823,1.667452701,0.628,30221,6791,5229,0
551,38886.31453,5.031486821,28.41977373,1.669435741,0.627,30222,6791,5231,0
552,38850.50169,5.036076467,28.26296915,1.667615649,0.627,30199,6791,5231,0
553,38924.02317,5.038120688,28.4307028,1.667406123,0.627,30245,6791,5231,0
554,39198.85429,5.036622526,29.14085772,1.669123626,0.627,30415,6791,5230,0
555,38856.85723,5.019483137,28.49645663,1.663286419,0.627,30200,6791,5235,0
556,38888.60326,5.025957326,28.49645663,1.669396454,0.627,30223,6791,5232,0
557,38856.80819,5.038106756,28.23181751,1.661777068,0.628,30201,6792,5233,0
558,38850.43253,5.038106756,28.21418945,1.662445955,0.628,30198,6792,5233,0
559,38850.43253,5.038106756,28.21418945,1.661824904,0.628,30197,6792,5233,0
560,38854.41559,5.036753695,28.24836343,1.667190118,0.627,30202,6792,5232,0
561,38850.43253,5.038106756,28.21418945,1.662445955,0.628,30198,6792,5233,0
562,38854.41559,5.036753695,28.24836343,1.667190118,0.627,30202,6792,5232,0
563,38854.41559,5.036753695,28.24836343,1.668886677,0.627,30203,6792,5232,0
564,38854.41559,5.036834865,28.24836343,1.667190118,0.627,30202,6792,5232,0
565,38855.74926,5.036773573,28.24836343,1.667190118,0.627,30203,6792,5232,0
566,38864.51279,5.036824578,28.28598462,1.667158351,0.627,30208,6792,5232,0
567,38854.41559,5.036753695,28.24836343,1.667190118,0.627,30202,6792,5232,0
568,38854.41559,5.036753695,28.24836343,1.667190118,0.627,30202,6792,5232,0
569,38850.50169,5.03475879,28.26296915,1.667409215,0.627,30200,6792,5232,0
570,38854.41559,5.036765881,28.24836343,1.667170999,0.627,30202,6792,5232,0
571,38889.21639,5.03313846,28.39245992,1.669435741,0.627,30225,6792,5232,0
572,38854.41559,5.036753695,28.24836343,1.667190118,0.627,30202,6792,5232,0
573,38959.7657,5.094209187,27.28657909,1.626389364,0.633,30269,6793,5223,0
574,38856.80819,5.038106756,28.22539042,1.662445955,0.628,30202,6793,5233,0
575,38856.80819,5.037594631,28.23181751,1.661128686,0.628,30201,6793,5233,0
576,38857.77694,5.038106756,28.22175252,1.660114539,0.628,30202,6793,5233,0
577,38856.80819,5.037602705,28.23181751,1.661128686,0.628,30201,6793,5233,0
578,38856.80819,5.038106756,28.22539042,1.662445955,0.628,30202,6793,5233,0
579,38858.78563,5.038106756,28.23181751,1.663006661,0.628,30204,6793,5233,0
580,38856.15489,5.036720239,28.24836343,1.667190118,0.627,30204,6793,5232,0
581,38856.15489,5.036720239,28.24836343,1.667190118,0.627,30204,6793,5232,0
582,38856.15489,5.036720239,28.24836343,1.667190118,0.627,30204,6793,5232,0
583,38911.91647,5.036717559,28.39911304,1.667190118,0.627,30238,6793,5232,0
584,38856.15489,5.036720239,28.24836343,1.667190118,0.627,30204,6793,5232,0
585,38856.15489,5.036720239,28.24836343,1.667190118,0.627,30204,6793,5232,0
586,38865.34611,5.036622526,28.25167474,1.662390701,0.628,30208,6794,5234,0
587,38849.93977,5.036709611,28.16819638,1.65742435,0.628,30198,6795,5237,0
588,38842.05014,5.033410024,28.21418945,1.662815035,0.628,30195,6795,5235,0
589,39367.61969,5.036622526,29.53637216,1.661593093,0.627,30518,6795,5234,0
590,38812.32351,5.010298942,28.43240641,1.663462813,0.627,30176,6795,5239,0
591,39229.57896,5.036622526,29.15942986,1.669186858,0.627,30438,6795,5233,0
592,38863.21348,5.033295473,28.24896926,1.661689357,0.628,30209,6796,5237,0
593,38879.00835,5.037955207,28.2466104,1.666808879,0.628,30221,6796,5235,0
594,38870.04616,5.034901268,28.2566695,1.667448025,0.627,30216,6796,5235,0
595,38886.31453,5.038816581,28.24794366,1.66736234,0.627,30226,6796,5235,0
596,38870.67664,5.034974297,28.23749944,1.667446297,0.627,30217,6797,5236,0
597,39317.29354,5.034901268,29.37533734,1.667490381,0.627,30493,6797,5235,0
598,38901.81292,5.026970748,28.43884315,1.662104637,0.628,30232,6797,5238,0
599,38860.60487,5.033497184,28.22242333,1.666021579,0.628,30211,6798,5237,0
600,38850.50169,5.027292563,28.26296915,1.669558829,0.627,30207,6798,5238,0
601,38864.77916,5.027074503,28.31475196,1.666175937,0.627,30213,6798,5238,0
602,38888.03352,5.036720239,28.24836343,1.667181345,0.627,30229,6798,5237,0
603,38912.25227,5.036843182,28.32049358,1.667409215,0.627,30243,6798,5236,0
604,38634.15803,5.041122605,27.43610619,1.663438172,0.628,30074,6799,5236,0
605,38850.50169,5.027292563,28.26296915,1.667409215,0.627,30206,6799,5239,0
606,38850.50169,5.027292563,28.26296915,1.667409215,0.627,30206,6799,5239,0
607,38850.50169,5.027292563,28.26296915,1.667543765,0.627,30206,6799,5239,0
608,38850.50169,5.027292563,28.26296915,1.667409215,0.627,30206,6799,5239,0
609,38850.50169,5.027292563,28.26296915,1.667409215,0.627,30206,6799,5239,0
610,38850.50169,5.027292563,28.26296915,1.667409215,0.627,30206,6799,5239,0
611,38850.50169,5.027292563,28.26296915,1.667233935,0.627,30206,6799,5239,0
612,38850.50169,5.027293932,28.26296915,1.66758561,0.627,30206,6799,5239,0
613,38900.88894,5.038106756,28.23820733,1.661769651,0.628,30235,6800,5238,0
614,38911.92219,5.025957326,28.43040754,1.667296507,0.627,30244,6800,5240,0
615,38850.50169,5.027292563,28.23690503,1.667318848,0.627,30207,6800,5240,0
616,38886.31453,5.021464579,28.40654555,1.661836357,0.628,30226,6800,5242,0
617,38835.1444,5.009145861,28.42877627,1.663805692,0.627,30195,6800,5244,0
618,38858.83467,5.026856153,28.24778258,1.663240907,0.628,30211,6801,5241,0
619,38877.37102,5.033756826,28.20284282,1.662410998,0.628,30223,6801,5240,0
620,38856.85723,5.02623623,28.25395628,1.663462813,0.628,30210,6801,5241,0
621,38911.91647,5.037909111,28.24985366,1.667300396,0.627,30246,6801,5239,0
622,38912.25227,5.036847516,28.26296915,1.667409215,0.627,30247,6801,5239,0
623,38911.91647,5.036717559,28.24836343,1.667190118,0.627,30247,6802,5240,0
624,38911.91647,5.036717559,28.24836343,1.667190118,0.627,30247,6802,5240,0
625,38883.76429,5.038156824,28.16536243,1.667167144,0.628,30229,6802,5239,0
626,38856.85723,5.025957326,28.24348749,1.663471399,0.628,30211,6802,5242,0
627,38914.30907,5.038120688,28.22253654,1.667406123,0.627,30250,6803,5240,0
628,38850.50169,5.021601524,28.2489736,1.661769651,0.628,30207,6804,5244,0
629,38906.41083,5.034901268,28.23749944,1.667615569,0.627,30245,6804,5241,0
630,38905.26407,5.025811875,28.34826937,1.663679922,0.628,30242,6804,5244,0
631,38909.66421,5.032677406,28.25408546,1.669435741,0.627,30249,6805,5242,0
632,38959.50192,5.026310057,28.46788517,1.667158189,0.627,30279,6805,5244,0
633,38927.15677,5.036717559,28.24836343,1.667190118,0.627,30259,6805,5242,0
634,38914.30907,5.035605304,28.21609891,1.667115946,0.627,30252,6806,5243,0
635,38851.37357,5.015168726,28.2489736,1.661769651,0.628,30213,6809,5249,0
636,38902.66431,5.027107727,28.25057976,1.667408444,0.627,30247,6809,5247,0
637,38947.62239,5.036618242,28.24189428,1.662861658,0.628,30273,6809,5246,0
638,39542.98195,5.072915317,29.29303228,1.662160544,0.628,30642,6809,5238,0
639,39442.85153,5.044873013,29.35329851,1.669519699,0.627,30585,6809,5242,0
640,38952.40835,5.03662189,28.24166569,1.661600572,0.628,30276,6810,5247,0
641,39360.81523,5.038094066,29.26533807,1.667206775,0.627,30531,6810,5244,0
642,39359.10908,5.034323958,29.32805312,1.662177932,0.627,30527,6810,5247,0
643,38989.88307,5.09860652,27.49515077,1.660123368,0.629,30304,6811,5237,0
644,39004.86596,5.044684196,28.26990012,1.661216812,0.628,30309,6811,5246,0
645,39368.77635,5.034905778,29.32805312,1.662177932,0.627,30534,6812,5248,0
646,39357.82905,5.045811089,29.09644458,1.667540634,0.627,30534,6814,5247,0
647,39650.37494,5.045066642,29.72505579,1.669509036,0.628,30721,6816,5246,0
648,39337.29821,5.033727061,29.15942986,1.669186858,0.627,30524,6816,5250,0
649,39003.2205,5.038156824,28.2436388,1.667135397,0.627,30318,6818,5252,0
650,39307.02654,5.045083426,28.89755082,1.669090816,0.627,30509,6819,5251,0
651,39542.98195,5.036622526,29.60868789,1.661769651,0.627,30649,6820,5253,0
652,38846.89533,5.058878933,27.46847516,1.664592766,0.628,30226,6821,5250,0
653,39370.4404,5.035032394,29.15942986,1.669186858,0.627,30549,6821,5253,0
654,39542.98195,5.036237988,29.32805312,1.68327964,0.627,30675,6821,5249,0
655,39389.73068,5.027569596,29.33728361,1.66224581,0.627,30555,6821,5257,0
656,39272.126,5.038094066,28.88908903,1.667270145,0.627,30487,6821,5254,0
657,38911.91647,5.036717559,27.93822856,1.663835192,0.628,30264,6822,5255,0
658,39358.95512,5.036622526,29.14085772,1.661990068,0.627,30537,6822,5256,0
659,39016.99817,5.03398697,28.24906422,1.667099061,0.627,30331,6823,5257,0
660,39650.37494,5.045065374,29.63097703,1.669747274,0.627,30727,6823,5252,0
661,39350.39646,5.033701156,29.13157956,1.663428228,0.627,30533,6823,5257,0
662,39357.44161,5.044722312,28.95765441,1.669126342,0.627,30544,6824,5255,0
663,39372.10652,5.033744136,29.14822739,1.667913872,0.627,30551,6824,5256,0
664,39372.10652,5.033744136,29.14822739,1.667913872,0.627,30551,6824,5256,0
665,39442.85153,5.104020792,28.39000022,1.669253304,0.628,30602,6825,5244,0
666,38910.17717,5.010183661,28.24836343,1.667190118,0.627,30265,6825,5262,0
667,39298.76082,5.038021438,28.89828143,1.667266302,0.627,30507,6825,5257,0
668,39372.10652,5.033744136,29.14822739,1.666307356,0.627,30551,6825,5257,0
669,39367.37419,5.033744136,29.14830542,1.663693899,0.627,30546,6825,5258,0
670,39372.10652,5.033744136,29.14822739,1.666307356,0.627,30551,6825,5257,0
671,39130.81575,5.0364914,28.48117012,1.667123743,0.627,30403,6826,5258,0
672,39531.55549,5.044988007,29.32805312,1.670370627,0.627,30656,6826,5254,0
673,39650.37494,5.045065374,29.59658368,1.669509036,0.627,30729,6826,5254,0
674,39650.37494,5.045065374,29.59658368,1.669509036,0.627,30729,6826,5254,0
675,39650.37494,5.045065374,29.59658368,1.669509036,0.627,30729,6826,5254,0
676,39649.83602,5.045249074,29.58413724,1.669851225,0.627,30730,6826,5254,0
677,39351.54369,5.045023232,28.90717265,1.668854675,0.627,30543,6827,5257,0
678,39099.23268,5.034851101,28.40654555,1.661243046,0.628,30381,6827,5260,0
679,39332.79883,5.038156824,28.93976915,1.667318065,0.627,30530,6828,5259,0
680,39348.75683,5.076501937,28.49846289,1.662248518,0.628,30540,6829,5254,0
681,39345.15042,5.033744136,29.02347094,1.667332573,0.627,30538,6829,5260,0
682,39540.08009,5.046700648,29.34213875,1.662177932,0.627,30657,6830,5259,0
683,39165.66841,5.04493333,28.40654555,1.663502101,0.628,30427,6830,5261,0
684,39175.52272,5.045044885,28.40654555,1.669435741,0.627,30438,6831,5260,0
685,39543.36769,5.036269795,29.43533698,1.666076271,0.627,30663,6831,5261,0
686,39542.13715,5.055507053,29.15942986,1.669432295,0.627,30666,6831,5257,0
687,39315.83776,5.038193384,28.85936598,1.666964803,0.627,30522,6831,5262,0
688,39378.68571,5.038094066,29.04477446,1.661900814,0.627,30557,6831,5262,0
689,39378.68571,5.038094066,29.04477446,1.661900814,0.627,30557,6831,5262,0
690,39378.68571,5.038094066,29.04477446,1.661900814,0.627,30557,6831,5262,0
691,38802.39255,5.038027797,27.35924656,1.656420862,0.629,30207,6832,5265,0
692,39369.68008,5.045181531,28.87968646,1.668970359,0.627,30558,6832,5260,0
693,39542.98195,5.036622526,29.41578951,1.666732217,0.627,30664,6832,5262,0
694,38850.16589,5.027162606,27.72684068,1.667190118,0.628,30237,6832,5264,0
695,39351.54369,5.038094066,28.92077945,1.667158699,0.627,30546,6833,5263,0
696,39338.31819,5.038094066,28.87396202,1.669619447,0.627,30540,6833,5263,0
697,39351.54369,5.038094066,28.92077945,1.667158699,0.627,30546,6833,5263,0
698,39317.44612,5.035163084,28.89828143,1.660035916,0.627,30520,6833,5265,0
699,39360.23616,5.038094066,28.94376921,1.667270145,0.627,30552,6833,5263,0
700,39351.54369,5.038094066,28.92077945,1.667158699,0.627,30546,6833,5263,0
701,39355.79474,5.038094066,28.94557471,1.662020254,0.627,30546,6833,5265,0
702,39418.06062,5.036181084,29.13157956,1.663460764,0.627,30584,6833,5264,0
703,39351.54369,5.038094066,28.92077945,1.667158699,0.627,30546,6833,5263,0
704,39373.34991,5.038120688,28.96741246,1.667439632,0.627,30560,6833,5263,0
705,39352.77624,5.038094066,28.92077945,1.667158699,0.627,30547,6833,5263,0
706,39542.98195,5.05980408,29.14085772,1.662390701,0.627,30662,6833,5260,0
707,39351.54369,5.038094066,28.90220732,1.666937848,0.627,30547,6834,5264,0
708,39341.44649,5.038023184,28.88315827,1.667190466,0.627,30541,6834,5264,0
709,39454.2791,5.038144351,29.1446041,1.667318065,0.627,30612,6835,5264,0
710,39352.71484,5.038094066,28.92077945,1.662267176,0.627,30545,6835,5265,0
711,39351.54369,5.038094066,28.90220732,1.662636343,0.627,30545,6836,5266,0
712,39360.81523,5.038094066,28.89828143,1.667257467,0.627,30555,6836,5266,0
713,39351.54369,5.038094066,28.90220732,1.662636343,0.627,30545,6836,5266,0
714,39360.81523,5.038173205,28.89828143,1.667257467,0.627,30555,6836,5266,0
715,39310.69174,5.045083426,28.67957087,1.669090816,0.627,30525,6836,5264,0
716,39366.64382,5.038094066,28.91625536,1.667158699,0.627,30558,6836,5265,0
717,39360.81523,5.038094066,28.89828178,1.667257467,0.627,30555,6836,5266,0
718,39351.54369,5.038094066,28.90220732,1.662636343,0.627,30545,6836,5266,0
719,39360.81523,5.038094066,28.88908903,1.667270145,0.627,30556,6837,5266,0
720,39351.54369,5.034880068,28.90220732,1.667108407,0.627,30550,6837,5267,0
721,39371.6828,5.038024724,28.92077945,1.667158243,0.627,30562,6837,5266,0
722,39360.81523,5.038093877,28.88832128,1.667270145,0.627,30556,6837,5266,0
723,39524.93547,5.025957326,29.46447927,1.663462813,0.627,30653,6837,5268,0
724,39442.85153,5.088432832,28.42006485,1.669519699,0.628,30612,6837,5257,0
725,39540.23405,5.038156824,29.3098489,1.66730579,0.627,30668,6837,5266,0
726,39433.13744,5.044873013,28.95519533,1.669519699,0.627,30603,6837,5265,0
727,39538.63536,5.036269795,29.32054742,1.66854082,0.627,30668,6837,5266,0
728,39360.81523,5.038094066,28.88908903,1.66279808,0.627,30553,6838,5268,0
729,39345.36945,5.036649377,28.87273912,1.661748943,0.627,30543,6838,5268,0
730,39450.35347,5.036612263,29.14085772,1.661846126,0.627,30608,6838,5268,0
731,39375.7448,5.038078937,28.89868987,1.667260268,0.627,30567,6839,5268,0
732,39372.10652,5.033744136,28.94266862,1.667306412,0.627,30564,6839,5269,0
733,39538.7309,5.036622526,29.30325787,1.666908096,0.627,30668,6839,5268,0
734,39356.10936,5.035402556,28.88908903,1.667270145,0.627,30554,6839,5268,0
735,39537.32507,5.035968213,29.33588571,1.662260282,0.627,30663,6839,5269,0
736,39371.84508,5.038094066,28.90220732,1.662636343,0.627,30561,6839,5269,0
737,39371.66987,5.033744136,28.93683729,1.667228248,0.627,30564,6839,5269,0
738,39351.54369,5.030769713,28.92077945,1.667158699,0.627,30552,6840,5270,0
739,39547.39473,5.036802427,29.32087674,1.666637851,0.627,30673,6840,5268,0
740,39542.98195,5.034905778,29.32805312,1.66764376,0.627,30671,6840,5268,0
741,39542.98195,5.036622526,29.32805312,1.661769651,0.627,30667,6841,5270,0
742,39542.98195,5.036622526,29.32805312,1.661769651,0.627,30667,6841,5270,0
743,39542.98195,5.036622526,29.32805312,1.661769651,0.627,30667,6841,5270,0
744,39542.98195,5.036622526,29.32805312,1.661769651,0.627,30667,6841,5270,0
745,39542.98195,5.036622526,29.32805312,1.661769651,0.627,30667,6841,5270,0
746,39360.98544,5.034901268,28.87316602,1.667490381,0.627,30559,6841,5270,0
747,39542.98195,5.036622526,29.32805312,1.661769651,0.627,30667,6841,5270,0
748,39542.98195,5.036622526,29.32805312,1.661769651,0.627,30667,6841,5270,0
749,39541.8108,5.036622526,29.28283191,1.667282224,0.627,30672,6841,5269,0
750,39538.63536,5.04587475,29.18800132,1.663462813,0.627,30667,6841,5268,0
751,39542.98195,5.036622526,29.32805312,1.661769651,0.627,30667,6841,5270,0
752,39542.98195,5.036622526,29.32805312,1.661769651,0.627,30667,6841,5270,0
753,39542.98195,5.036535957,29.32805312,1.661833958,0.627,30667,6841,5270,0
754,39372.10652,5.033744136,28.92081643,1.667123743,0.627,30566,6841,5270,0
755,39542.98195,5.036622526,29.32805312,1.661769651,0.627,30667,6841,5270,0
756,39542.98195,5.036622526,29.32805312,1.661769651,0.627,30667,6841,5270,0
757,39305.54659,5.058860857,28.40654555,1.669443003,0.627,30528,6841,5266,0
758,39542.98195,5.036622526,29.32805312,1.661832788,0.627,30667,6841,5270,0
759,39542.98195,5.034905778,29.32805312,1.662177932,0.627,30669,6842,5271,0
760,39542.98195,5.034905778,29.32805312,1.662177932,0.627,30669,6842,5271,0
761,39542.98195,5.034905778,29.32805312,1.662120474,0.627,30669,6842,5271,0
762,39542.98195,5.034905778,29.32805312,1.662177932,0.627,30669,6842,5271,0
763,39574.18591,5.045928171,29.24942507,1.664064879,0.627,30691,6842,5269,0
764,39542.98195,5.034905778,29.32805312,1.662177932,0.627,30669,6842,5271,0
765,39136.91943,5.036717559,28.24836343,1.667190118,0.627,30422,6842,5271,0
766,39542.13715,5.045018002,29.13682657,1.669186897,0.627,30676,6843,5269,0
767,39542.98195,5.036622526,29.29753248,1.661769651,0.627,30669,6843,5272,0
768,39139.98069,5.036753695,28.24836343,1.66717051,0.627,30425,6843,5271,0
769,39310.69174,5.058016183,28.40460594,1.668986311,0.627,30533,6843,5267,0
770,39542.98195,5.032776406,29.32805312,1.661769651,0.627,30670,6844,5273,0
771,39428.98308,5.038083795,28.93976915,1.667318065,0.627,30605,6845,5273,0
772,39310.69174,5.03668795,28.64639075,1.670986536,0.627,30535,6845,5272,0
773,39542.98195,5.036622526,29.20381479,1.669507308,0.627,30679,6846,5273,0
774,39726.88176,5.038094066,29.60353052,1.669456802,0.627,30794,6846,5271,0
775,39542.13715,5.036395704,29.20604085,1.669087511,0.627,30678,6846,5273,0
776,39656.03182,5.044002939,29.35367175,1.669426686,0.627,30751,6847,5272,0
777,39351.54369,5.038094066,28.72960191,1.662636343,0.627,30556,6847,5275,0
778,39542.98195,5.036622526,29.21955377,1.662390701,0.627,30675,6848,5276,0
779,39538.63536,5.036269795,29.1735418,1.669688758,0.627,30678,6848,5274,0
780,39542.13715,5.036622526,29.15942986,1.669186858,0.627,30681,6849,5275,0
781,39542.13715,5.036622526,29.15942986,1.669186858,0.627,30681,6849,5275,0
782,39483.27771,5.038094066,28.92077945,1.67735352,0.627,30653,6849,5273,0
783,39542.98195,5.036622526,29.15942986,1.669186858,0.627,30682,6850,5275,0
784,39436.24974,5.074189936,28.40460594,1.669274445,0.628,30619,6850,5270,0
785,39538.63536,5.036269795,29.18800132,1.663462813,0.627,30674,6850,5277,0
786,39542.98195,5.036622526,29.15942986,1.669186858,0.627,30682,6850,5275,0
787,39542.98195,5.036622526,29.15942986,1.669186858,0.627,30682,6850,5275,0
788,39538.63536,5.036269795,29.18800132,1.663462813,0.627,30674,6850,5277,0
789,39538.63536,5.036269795,29.18800132,1.663462813,0.627,30674,6850,5277,0
790,39532.05143,5.036753695,29.13754641,1.667190118,0.627,30674,6850,5276,0
791,39542.98195,5.03662686,29.15942986,1.669186858,0.627,30682,6850,5275,0
792,39535.37899,5.037959528,29.13876371,1.667270617,0.627,30675,6850,5276,0
793,39542.98195,5.038116901,29.13148008,1.667243739,0.627,30681,6851,5277,0
794,39553.20104,5.038156824,29.14044796,1.667318065,0.627,30689,6852,5278,0
795,39297.19723,5.04493333,28.40654555,1.669310554,0.627,30532,6852,5277,0
796,39542.98195,5.023995942,29.32805312,1.662177932,0.627,30677,6852,5281,0
797,39310.69174,5.045083426,28.44207711,1.669091509,0.627,30540,6852,5277,0
798,39566.3998,5.03867082,29.15209293,1.669156018,0.627,30699,6852,5277,0
799,39542.13715,5.036622526,29.15942986,1.663820875,0.627,30679,6852,5279,0
800,39593.09651,5.033293442,29.32805312,1.661769651,0.627,30709,6852,5280,0
801,39542.98195,5.036622526,29.14085772,1.66630814,0.627,30682,6853,5279,0
802,39543.52087,5.036438826,29.15330417,1.662466705,0.627,30680,6853,5280,0
803,39542.98195,5.036622526,29.14085772,1.661769651,0.627,30680,6854,5281,0
804,39542.98195,5.036622526,29.14085772,1.662390701,0.627,30680,6854,5281,0
805,39542.98195,5.036622526,29.14085772,1.662390701,0.627,30680,6854,5281,0
806,39542.98195,5.036622526,29.14085772,1.661769651,0.627,30680,6854,5281,0
807,39542.98195,5.036622526,29.14085772,1.661769651,0.627,30680,6854,5281,0
808,39561.89275,5.036622526,29.14974822,1.669186858,0.627,30697,6854,5279,0
809,39537.61591,5.034901268,29.12350201,1.667123743,0.627,30680,6854,5280,0
810,39542.98195,5.036622526,29.14085772,1.661769651,0.627,30680,6854,5281,0
811,39542.98195,5.036622526,29.14085772,1.661609056,0.627,30679,6854,5281,0
812,39542.98195,5.036622526,29.13919433,1.662390701,0.627,30680,6854,5281,0
813,39542.98195,5.036622526,29.13157956,1.663460764,0.627,30681,6854,5281,0
814,39542.98195,5.03668267,29.13157956,1.663385894,0.627,30681,6854,5281,0
815,39542.98195,5.036622526,29.14085772,1.661769651,0.627,30680,6854,5281,0
816,39542.98195,5.036622526,29.13157956,1.663460764,0.627,30681,6854,5281,0
817,39542.98195,5.036622526,29.13157956,1.663460764,0.627,30681,6854,5281,0
818,39310.69174,5.045083426,28.40460594,1.669090816,0.627,30543,6855,5279,0
819,39310.69174,5.045083426,28.40460594,1.669090816,0.627,30543,6855,5279,0
820,39310.69174,5.045002256,28.40460594,1.669090816,0.627,30543,6855,5279,0
821,39588.53403,5.038122853,29.1706726,1.668910426,0.627,30715,6855,5280,0
822,39310.69174,5.045083426,28.40460594,1.669090816,0.627,30543,6855,5279,0
823,39310.69174,5.045083426,28.40460594,1.669090816,0.627,30543,6855,5279,0
824,39310.69174,5.045083426,28.40460594,1.669090816,0.627,30543,6855,5279,0
825,39310.69174,5.045083426,28.40460594,1.669090816,0.627,30543,6855,5279,0
826,39310.69174,5.045310248,28.40460594,1.669190163,0.627,30543,6855,5279,0
827,38917.56656,5.004175911,27.84775493,1.667116115,0.628,30299,6855,5286,0
828,39310.69174,5.045083426,28.40460594,1.669090816,0.627,30543,6855,5279,0
829,39555.01644,5.036622526,29.14085772,1.661769651,0.627,30689,6856,5282,0
830,39542.98195,5.034947711,29.14085772,1.661787039,0.627,30681,6856,5282,0
831,39535.8147,5.035989345,29.09742604,1.663815864,0.627,30678,6856,5282,0
832,39501.52066,5.038606348,28.94222297,1.667321757,0.627,30661,6857,5282,0
833,39542.98195,5.036936353,29.06987546,1.667833337,0.627,30687,6857,5281,0
834,39542.98195,5.036837702,29.07042841,1.667173098,0.627,30686,6857,5282,0
835,39542.98195,5.036896972,29.06572421,1.667162823,0.627,30687,6857,5282,0
836,39542.98195,5.038407721,29.03252329,1.667793341,0.627,30688,6858,5282,0
837,39558.42772,5.016842242,29.35359543,1.667278174,0.627,30695,6858,5286,0
838,39567.27574,5.036622526,29.14085772,1.662390701,0.627,30699,6858,5284,0
839,39538.63536,5.027485891,29.18800132,1.663256379,0.627,30681,6858,5285,0
840,39591.41057,5.036622526,29.15942986,1.669186858,0.627,30719,6858,5282,0
841,39269.01168,5.025957326,28.49645663,1.663462813,0.627,30516,6859,5286,0
842,39645.01709,5.036622526,29.32805312,1.661769651,0.627,30747,6859,5284,0
843,39372.10652,5.045798092,28.50203336,1.667115157,0.627,30583,6859,5282,0
844,39318.86547,5.035631405,28.47710095,1.662129514,0.627,30548,6860,5286,0
845,39348.75683,5.04600006,28.41392306,1.664064879,0.627,30569,6861,5285,0
846,39317.12333,5.051422524,28.25342244,1.667270145,0.627,30552,6861,5283,0
847,39323.69968,5.03504672,28.49446646,1.666906634,0.627,30554,6861,5286,0
848,39348.75683,5.04600006,28.41392306,1.664064879,0.627,30569,6861,5285,0
849,39678.68832,5.038017658,29.31817463,1.667477127,0.627,30775,6861,5284,0
850,39299.41787,5.045793121,28.25232123,1.669716084,0.627,30543,6862,5285,0
851,39372.10652,5.046575681,28.24906422,1.686322119,0.627,30606,6863,5280,0
852,39542.98195,5.011814669,29.32805312,1.662973086,0.627,30687,6863,5292,0
853,39678.68832,5.038017658,29.29775974,1.667477127,0.627,30776,6863,5286,0
854,39542.98195,5.03495582,29.03699951,1.661772187,0.627,30687,6863,5288,0
855,39310.69174,5.045083426,28.25385633,1.669090816,0.627,30552,6865,5287,0
856,39535.57052,5.038094066,28.92077945,1.667076203,0.627,30689,6865,5288,0
857,39371.51754,5.04600006,28.40675976,1.664064879,0.627,30587,6865,5288,0
858,39351.54369,5.038094066,28.46939002,1.662636343,0.627,30572,6865,5289,0
859,39372.10652,5.034901268,28.54631636,1.667123743,0.627,30588,6866,5289,0
860,39310.69174,5.033174805,28.40460594,1.667037951,0.627,30551,6866,5290,0
861,39372.74615,5.045156054,28.40460594,1.669081981,0.627,30591,6866,5287,0
862,39348.75683,5.02747518,28.57716257,1.664264732,0.627,30572,6866,5292,0
863,39376.12465,5.04493333,28.41395913,1.669435741,0.627,30593,6866,5287,0
864,39370.23828,5.048966606,28.34627921,1.66940716,0.627,30590,6866,5287,0
865,39374.60086,5.046005031,28.41066605,1.664064879,0.627,30589,6866,5288,0
866,39696.55881,5.034905846,29.32805312,1.667927892,0.627,30791,6866,5289,0
867,39313.20628,5.036341685,28.3524993,1.663462813,0.627,30552,6867,5291,0
868,39542.98195,5.036622526,28.96099648,1.661820342,0.627,30691,6867,5291,0
869,39307.3858,5.038290763,28.28927294,1.662621846,0.628,30549,6868,5292,0
870,39726.45017,5.045274433,29.26487523,1.664055839,0.627,30808,6868,5290,0
871,39527.33496,5.03503769,28.92143592,1.662120474,0.627,30683,6868,5292,0
872,39542.98195,5.036634999,28.93349682,1.661769651,0.627,30693,6869,5292,0
873,39696.55881,5.034905778,29.32805312,1.662120474,0.627,30788,6869,5292,0
874,39538.63536,5.036269795,28.91008313,1.663462813,0.627,30692,6869,5293,0
875,39696.55881,5.034905778,29.32805312,1.662120474,0.627,30788,6869,5292,0
876,39696.55881,5.036572484,29.31273226,1.662117937,0.627,30788,6869,5292,0
877,39489.23925,5.049873946,28.56784545,1.669769445,0.627,30668,6870,5290,0
878,39398.17431,5.04493333,28.40654555,1.669435741,0.627,30611,6870,5291,0
879,39360.81523,5.038094066,28.40726211,1.667257467,0.627,30586,6870,5292,0
880,39665.87334,5.027102792,29.32805312,1.662177932,0.627,30770,6871,5295,0
881,39367.98803,5.025957326,28.54806951,1.663805692,0.627,30590,6873,5297,0
882,39354.31742,5.04520087,28.23749944,1.669264939,0.627,30587,6874,5294,0
883,39678.68832,5.024375845,29.31817463,1.666921931,0.627,30785,6874,5298,0
884,39317.29354,5.036618017,28.23749944,1.6670821,0.627,30564,6875,5297,0
885,39372.10652,5.034686093,28.41670852,1.661720296,0.627,30594,6875,5297,0
886,39372.10652,5.034901268,28.41508823,1.662161176,0.627,30594,6875,5297,0
887,39372.10652,5.045798092,28.24906422,1.667123743,0.627,30599,6876,5296,0
888,39317.29354,5.034901268,28.23749944,1.667490381,0.627,30565,6876,5298,0
889,39372.10652,5.045652757,28.24906422,1.669176607,0.627,30600,6876,5295,0
890,39372.10652,5.045798092,28.24906422,1.667123743,0.627,30599,6876,5296,0
891,39372.10652,5.04618263,28.24906422,1.666946873,0.627,30598,6876,5295,0
892,39372.10652,5.004039456,28.79281863,1.667416229,0.627,30596,6876,5303,0
893,39317.21681,5.034901268,28.2376439,1.667142231,0.627,30565,6876,5298,0
894,39372.18325,5.045798092,28.24891976,1.666829344,0.627,30599,6876,5296,0
895,39317.29354,5.0349012,28.23749944,1.661682963,0.628,30562,6876,5298,0
896,39317.29354,5.034901268,28.23749944,1.667490381,0.627,30565,6876,5298,0
897,39317.29354,5.034901268,28.23749944,1.667490381,0.627,30565,6876,5298,0
898,39366.45643,5.036839661,28.34627921,1.667197745,0.627,30595,6876,5298,0
899,39317.29354,5.034901268,28.23749944,1.667490381,0.627,30565,6876,5298,0
900,39436.24974,5.045083426,28.40460594,1.669046731,0.627,30640,6877,5296,0
901,39442.85153,5.044873013,28.42006485,1.669519699,0.627,30645,6877,5296,0
902,39690.96894,5.036622526,29.17510713,1.662390701,0.627,30793,6877,5299,0
903,39442.85153,5.044873013,28.42006485,1.669519699,0.627,30645,6877,5296,0
904,39372.10652,5.044324116,28.24906422,1.667123743,0.627,30600,6877,5297,0
905,39443.46446,5.044873013,28.42141527,1.669519699,0.627,30645,6877,5296,0
906,39442.85153,5.044873013,28.41893861,1.669438277,0.627,30645,6877,5296,0
907,39442.85153,5.044873013,28.42006485,1.669420788,0.627,30645,6877,5296,0
908,39442.85153,5.044873013,28.43452437,1.663293754,0.627,30641,6877,5297,0
909,39442.85153,5.044873013,28.42006485,1.669519699,0.627,30645,6877,5296,0
910,39359.39473,5.038555419,28.28727082,1.664299489,0.627,30590,6878,5299,0
911,39442.85153,5.034622364,28.54602772,1.667446297,0.627,30644,6878,5299,0
912,39542.98195,5.009788707,29.14085772,1.661769651,0.627,30700,6878,5304,0
913,39442.85153,5.044870956,28.42006485,1.667046837,0.627,30644,6878,5297,0
914,39442.85153,5.044873013,28.42006485,1.666053845,0.627,30643,6878,5298,0
915,39372.10652,5.034901268,28.34627921,1.667123743,0.627,30601,6879,5300,0
916,39372.10652,5.034901268,28.34627921,1.667123743,0.627,30601,6879,5300,0
917,39372.10652,5.034901268,28.3469702,1.667123743,0.627,30601,6879,5300,0
918,39372.10652,5.034901268,28.34627921,1.667123743,0.627,30601,6879,5300,0
919,39372.10652,5.034901268,28.34627921,1.667123743,0.627,30601,6879,5300,0
920,39372.10652,5.034789992,28.34627921,1.667257056,0.627,30601,6879,5300,0
921,39372.10652,5.036639601,28.24906422,1.679781325,0.627,30611,6879,5296,0
922,39359.39473,5.038555419,28.24906857,1.667204036,0.627,30594,6880,5300,0
923,39442.85153,5.044873013,28.37567992,1.669199249,0.627,30648,6880,5299,0
924,39359.39473,5.038555419,28.24906857,1.667204036,0.627,30594,6880,5300,0
925,39359.39473,5.038555419,28.24906857,1.667204036,0.627,30594,6880,5300,0
926,39359.39473,5.038555419,28.24906857,1.667204036,0.627,30594,6880,5300,0
927,39359.39473,5.038555419,28.24906857,1.667204036,0.627,30594,6880,5300,0
928,39351.98034,5.038094066,28.23300638,1.667158699,0.627,30590,6880,5300,0
929,39357.35981,5.024342732,28.40536735,1.669441526,0.627,30595,6881,5303,0
930,39372.10652,5.034901268,28.31777617,1.667123743,0.627,30603,6881,5301,0
931,39459.1199,5.04493333,28.38737549,1.669434013,0.627,30660,6882,5300,0
932,39377.47256,5.036622526,28.28499207,1.669186858,0.627,30609,6882,5302,0
933,39360.66264,5.037832251,28.23749944,1.667490381,0.627,30597,6882,5301,0
934,39549.74526,5.04600006,28.63103331,1.664064879,0.627,30711,6882,5301,0
935,39317.8726,5.034901268,28.15492254,1.667490381,0.627,30571,6882,5302,0
936,39349.34582,5.033744136,28.25622752,1.667181652,0.627,30590,6882,5302,0
937,39372.10652,5.03346969,28.32419774,1.66235162,0.627,30601,6882,5303,0
938,39352.95775,5.033744136,28.26290802,1.667222653,0.627,30592,6882,5303,0
939,39351.96741,5.033813478,28.24906422,1.667124199,0.627,30592,6883,5303,0
940,39360.81523,5.038094066,28.21733682,1.667270145,0.627,30598,6883,5302,0
941,39814.82347,5.038077879,29.3452821,1.667408433,0.627,30879,6883,5301,0
942,39372.34756,5.036847557,28.26296915,1.667409215,0.627,30605,6883,5303,0
943,39360.07203,5.033744136,28.24906422,1.667123743,0.627,30598,6884,5304,0
944,39349.62168,5.044926182,28.06629753,1.669488029,0.627,30594,6884,5302,0
945,39542.98195,5.003483174,29.14085772,1.662390701,0.627,30705,6884,5310,0
946,39372.10652,5.034901268,28.24906422,1.667123743,0.627,30607,6885,5305,0
947,39372.10652,5.033775186,28.24906422,1.65727969,0.628,30602,6885,5307,0
948,39372.10652,5.034901268,28.24837323,1.667123743,0.627,30607,6885,5305,0
949,39372.10652,5.034901268,28.25370138,1.667123049,0.627,30607,6885,5305,0
950,39372.10652,5.034901268,28.24906422,1.667123743,0.627,30607,6885,5305,0
951,39372.10652,5.033744136,28.24906422,1.667123743,0.627,30608,6886,5306,0
952,39372.10652,5.033744136,28.24906422,1.667181652,0.627,30608,6886,5306,0
953,39372.10652,5.033744136,28.24906422,1.667123743,0.627,30608,6886,5306,0
954,39372.10652,5.033744136,28.24906422,1.667123743,0.627,30608,6886,5306,0
955,39372.10652,5.033744136,28.24913101,1.667123743,0.627,30608,6886,5306,0
956,39372.10652,5.033744136,28.24906422,1.667181652,0.627,30608,6886,5306,0
957,39372.10652,5.033744136,28.24906422,1.667123743,0.627,30608,6886,5306,0
958,39372.10652,5.033744136,28.24906422,1.667123743,0.627,30608,6886,5306,0
959,39371.4936,5.033744136,28.2477138,1.667123743,0.627,30607,6886,5306,0
960,39372.10652,5.033744136,28.24906422,1.667181652,0.627,30608,6886,5306,0
961,39372.10652,5.033744136,28.24906422,1.667123743,0.627,30608,6886,5306,0
962,39372.10652,5.033744136,28.24906422,1.667123743,0.627,30608,6886,5306,0
963,39372.10652,5.033744136,28.24906422,1.667222653,0.627,30608,6886,5306,0
964,39372.10652,5.033744136,28.24906422,1.667181652,0.627,30608,6886,5306,0
965,39372.10652,5.033744136,28.24906422,1.667222653,0.627,30608,6886,5306,0
966,39372.10652,5.033744136,28.24906422,1.667228248,0.627,30608,6886,5306,0
967,39372.10652,5.027435041,28.34627921,1.667123743,0.627,30606,6886,5306,0
968,39372.10652,5.034135475,28.24578396,1.667212819,0.627,30608,6886,5306,0
969,39372.10652,5.033744136,28.24906422,1.66323883,0.627,30606,6886,5306,0
970,39491.37541,5.04493333,28.40654555,1.669435741,0.627,30684,6887,5304,0
971,39442.85153,5.034901268,28.40548154,1.669429337,0.627,30653,6887,5306,0
972,39390.68891,5.035086105,28.26145361,1.667447069,0.627,30621,6888,5307,0
973,39312.97146,5.033744136,28.0651107,1.667181652,0.627,30573,6888,5307,0
974,39442.85153,5.045729941,28.24906422,1.667446297,0.627,30654,6888,5305,0
975,39442.85153,5.034901268,28.3881094,1.667446297,0.627,30653,6889,5307,0
976,39372.10652,5.033694068,28.18385312,1.662309541,0.628,30609,6890,5310,0
977,39372.10652,5.033744136,28.19698208,1.667181652,0.627,30611,6890,5309,0
978,39842.13607,5.036269795,29.18800132,1.67975545,0.627,30916,6890,5303,0
979,39396.49981,5.033744136,28.24906422,1.667431348,0.627,30627,6891,5309,0
980,39357.35981,5.024342732,28.24906857,1.669391034,0.627,30604,6892,5311,0
981,39679.70894,5.038094066,28.89828143,1.667257467,0.627,30803,6892,5309,0
982,39717.44426,5.02522579,29.14382085,1.669577728,0.627,30827,6892,5311,0
983,39542.98195,5.036622526,28.57138011,1.661834499,0.627,30716,6893,5311,0
984,39532.6297,5.04658188,28.41392306,1.664064879,0.627,30711,6893,5309,0
985,39442.85153,5.034587441,28.3084817,1.662003661,0.627,30656,6894,5312,0
986,39387.92883,5.028456859,28.24911256,1.667222653,0.627,30624,6894,5312,0
987,39449.3765,5.037955018,28.2707994,1.667321367,0.627,30663,6895,5312,0
988,39372.10652,5.022159463,28.24906422,1.660726132,0.628,30613,6895,5315,0
989,39466.21995,5.038440868,28.25825663,1.674073443,0.627,30680,6896,5311,0
990,39544.55604,5.04493333,28.40654555,1.670693005,0.627,30726,6896,5310,0
991,39449.3765,5.037961491,28.24906422,1.667454065,0.627,30665,6896,5313,0
992,39584.99448,5.04600006,28.50547927,1.664101223,0.627,30747,6897,5312,0
993,39442.85153,5.034901268,28.24906422,1.667446297,0.627,30662,6898,5315,0
994,39442.85153,5.034901268,28.24906885,1.667446297,0.627,30662,6898,5315,0
995,39442.85153,5.034901268,28.24906422,1.667446297,0.627,30662,6898,5315,0
996,39466.21995,5.038440868,28.24906422,1.666812571,0.627,30677,6899,5315,0
997,39442.85153,5.034901268,28.23749944,1.667446297,0.627,30663,6899,5315,0
998,39442.85153,5.034901268,28.23749944,1.667446297,0.627,30663,6899,5315,0
999,39466.21995,5.038440868,28.24906422,1.666812571,0.627,30677,6899,5315,0
1000,39442.85153,5.034901268,28.23749944,1.667446297,0.627,30663,6899,5315,0
1001,39442.85153,5.034901268,28.23743265,1.667446297,0.627,30663,6899,5315,0
1002,39442.85153,5.034901268,28.23749944,1.667446297,0.627,30663,6899,5315,0
1003,39438.43875,5.034721367,28.21171534,1.663199147,0.627,30659,6900,5317,0
1004,39893.65486,5.066908054,28.93976915,1.667313557,0.627,30944,6900,5309,0
1005,39459.13614,5.034123679,28.24906422,1.667123743,0.627,30675,6901,5318,0
1006,39469.19548,5.036622526,28.24169456,1.661761166,0.627,30679,6901,5318,0
1007,39340.22789,5.046849405,27.76108734,1.667190424,0.628,30603,6901,5315,0
1008,39542.98195,5.036524713,28.45290239,1.661769651,0.627,30723,6901,5317,0
1009,39372.10652,5.033744136,28.00202452,1.667060605,0.627,30623,6902,5318,0
1010,39488.27318,5.033345526,28.28366858,1.663462813,0.627,30694,6905,5321,0
1011,39932.35487,5.037962154,29.32739665,1.667158699,0.627,30971,6905,5319,0
1012,39542.98195,5.036622526,28.39481946,1.661769651,0.627,30727,6905,5320,0
1013,39542.98195,5.036622526,28.35113993,1.654917667,0.628,30725,6906,5324,0
1014,39607.60494,5.04493333,28.41894429,1.669435741,0.627,30773,6906,5319,0
1015,39502.49006,5.036718195,28.2483923,1.667190118,0.627,30707,6907,5321,0
1016,39546.31212,5.034901268,28.34627921,1.667123743,0.627,30736,6910,5324,0
1017,39640.00217,5.04493333,28.40654555,1.669435741,0.627,30799,6913,5324,0
1018,39542.00498,5.037971754,28.24906422,1.66799864,0.627,30737,6913,5325,0
1019,39542.98195,5.036622526,28.24169456,1.661600572,0.627,30736,6914,5328,0
1020,39547.46878,5.033744136,28.24906422,1.6673003,0.627,30744,6917,5330,0
1021,39542.98195,5.036622526,28.19021521,1.661769651,0.627,30739,6918,5330,0
1022,39670.36387,5.045083426,28.40460594,1.669090816,0.627,30823,6918,5328,0
1023,39564.69201,5.036665506,28.22374529,1.667156279,0.627,30757,6920,5331,0
1024,39872.93001,5.038120688,28.97035737,1.667408433,0.627,30949,6921,5332,0
1025,39702.04185,5.045083426,28.40340268,1.669090816,0.627,30847,6924,5333,0
1026,39612.61586,5.038729839,28.24902963,1.667203395,0.627,30791,6925,5335,0
1027,39979.47404,5.036622526,29.15942986,1.662453933,0.627,31018,6929,5339,0
1028,39569.52005,5.024342732,28.22736334,1.669391034,0.627,30771,6931,5342,0
1029,39916.70788,5.038094066,28.92077945,1.667158699,0.627,30986,6932,5341,0
1030,39633.65727,5.033744136,28.24906422,1.667123743,0.627,30811,6933,5342,0
1031,39919.71703,5.038094025,28.92077945,1.667158699,0.627,30988,6933,5341,0
1032,39787.93037,5.04493333,28.41894429,1.669435741,0.627,30914,6938,5344,0
1033,39916.70788,5.038094066,28.84051109,1.667158699,0.627,30991,6938,5345,0
1034,39648.24918,5.033915866,28.08593485,1.667055865,0.627,30833,6946,5352,0
1035,39876.28171,5.044873013,28.39800074,1.669519699,0.627,30984,6955,5357,0
1036,39781.23994,5.033744136,28.24906422,1.667315313,0.627,30926,6959,5362,0
